0.0000,-0.0001
0.0001,0.0001
0.0002,0.0000
0.0003,0.0001
0.0004,0.0001
0.0005,0.0001
0.0006,0.0000
0.0007,0.0002
0.0008,-0.0000
0.0009,-0.0001
0.0010,0.0001
0.0011,0.0000
0.0012,-0.0001
0.0013,0.0000
0.0014,-0.0001
0.0015,-0.0000
0.0016,-0.0000
0.0017,-0.0001
0.0018,-0.0000
0.0019,-0.0001
0.0020,-0.0001
0.0021,0.0000
0.0022,0.0001
0.0023,0.0000
0.0024,0.0001
0.0025,-0.0000
0.0026,0.0001
0.0027,-0.0000
0.0028,0.0001
0.0029,0.0001
0.0030,-0.0000
0.0031,-0.0001
0.0032,0.0000
0.0033,0.0001
0.0034,-0.0001
0.0035,0.0001
0.0036,0.0001
0.0037,-0.0001
0.0038,0.0000
0.0039,-0.0001
0.0040,-0.0002
0.0041,0.0001
0.0042,-0.0001
0.0043,0.0001
0.0044,-0.0000
0.0045,-0.0000
0.0046,-0.0001
0.0047,0.0001
0.0048,-0.0000
0.0049,-0.0001
0.0050,0.0001
0.0051,0.0001
0.0052,0.0000
0.0053,0.0001
0.0054,-0.0001
0.0055,0.0000
0.0056,-0.0001
0.0057,0.0000
0.0058,0.0000
0.0059,0.0000
0.0060,-0.0002
0.0061,0.0001
0.0062,-0.0002
0.0063,-0.0001
0.0064,-0.0001
0.0065,-0.0001
0.0066,0.0002
0.0067,0.0000
0.0068,0.0001
0.0069,0.0000
0.0070,0.0002
0.0071,-0.0002
0.0072,-0.0000
0.0073,-0.0001
0.0074,-0.0001
0.0075,0.0000
0.0076,-0.0001
0.0077,0.0001
0.0078,0.0001
0.0079,-0.0001
0.0080,0.0001
0.0081,0.0001
0.0082,0.0001
0.0083,-0.0001
0.0084,-0.0000
0.0085,-0.0001
0.0086,-0.0000
0.0087,0.0001
0.0088,0.0000
0.0089,-0.0000
0.0090,0.0002
0.0091,0.0000
0.0092,-0.0002
0.0093,-0.0001
0.0094,0.0002
0.0095,0.0002
0.0096,-0.0001
0.0097,-0.0000
0.0098,0.0001
0.0099,0.0000
0.0100,0.5001
0.0101,1.0000
0.0102,1.0002
0.0103,1.0000
0.0104,1.0000
0.0105,1.0000
0.0106,0.9999
0.0107,0.9999
0.0108,1.0000
0.0109,1.0001
0.0110,0.9999
0.0111,0.9999
0.0112,1.0000
0.0113,1.0001
0.0114,0.9999
0.0115,1.0000
0.0116,1.0002
0.0117,0.9999
0.0118,0.9998
0.0119,0.9999
0.0120,0.9999
0.0121,1.0001
0.0122,1.0001
0.0123,0.9999
0.0124,1.0000
0.0125,0.9999
0.0126,1.0002
0.0127,1.0000
0.0128,1.0001
0.0129,0.9998
0.0130,1.0000
0.0131,1.0000
0.0132,1.0000
0.0133,1.0001
0.0134,1.0000
0.0135,1.0000
0.0136,0.9999
0.0137,1.0001
0.0138,0.9999
0.0139,1.0001
0.0140,1.0001
0.0141,0.9999
0.0142,0.9999
0.0143,1.0000
0.0144,1.0001
0.0145,1.0002
0.0146,0.9998
0.0147,1.0001
0.0148,1.0001
0.0149,0.9998
0.0150,0.9998
0.0151,1.0000
0.0152,1.0001
0.0153,1.0001
0.0154,1.0000
0.0155,1.0001
0.0156,1.0000
0.0157,0.9998
0.0158,1.0001
0.0159,0.9999
0.0160,1.0000
0.0161,0.9998
0.0162,1.0001
0.0163,0.9999
0.0164,1.0001
0.0165,1.0002
0.0166,1.0001
0.0167,0.9999
0.0168,0.9999
0.0169,1.0001
0.0170,1.0000
0.0171,1.0000
0.0172,0.9997
0.0173,0.9999
0.0174,0.9999
0.0175,1.0000
0.0176,1.0001
0.0177,1.0001
0.0178,0.9999
0.0179,0.9999
0.0180,0.9999
0.0181,0.9999
0.0182,1.0000
0.0183,1.0000
0.0184,1.0001
0.0185,1.0000
0.0186,1.0000
0.0187,1.0000
0.0188,1.0001
0.0189,1.0001
0.0190,1.0000
0.0191,1.0000
0.0192,0.9999
0.0193,1.0001
0.0194,1.0000
0.0195,1.0001
0.0196,1.0000
0.0197,0.9999
0.0198,1.0001
0.0199,1.0000
0.0200,1.0000
0.0201,1.0000
0.0202,0.9999
0.0203,1.0001
0.0204,0.9999
0.0205,1.0000
0.0206,0.9999
0.0207,1.0000
0.0208,1.0001
0.0209,1.0000
0.0210,1.0000
0.0211,0.9999
0.0212,0.9999
0.0213,1.0001
0.0214,1.0000
0.0215,1.0000
0.0216,1.0001
0.0217,0.9999
0.0218,1.0000
0.0219,1.0000
0.0220,0.9999
0.0221,1.0002
0.0222,1.0000
0.0223,1.0001
0.0224,1.0000
0.0225,1.0000
0.0226,1.0001
0.0227,1.0000
0.0228,0.9999
0.0229,1.0001
0.0230,0.9999
0.0231,1.0000
0.0232,1.0000
0.0233,1.0001
0.0234,1.0000
0.0235,1.0002
0.0236,1.0000
0.0237,1.0000
0.0238,1.0001
0.0239,1.0000
0.0240,1.0000
0.0241,0.9999
0.0242,0.9999
0.0243,0.9997
0.0244,1.0002
0.0245,0.9998
0.0246,0.9999
0.0247,1.0000
0.0248,1.0000
0.0249,0.9999
0.0250,0.9999
0.0251,0.9999
0.0252,0.9998
0.0253,1.0000
0.0254,1.0000
0.0255,1.0001
0.0256,1.0000
0.0257,1.0000
0.0258,1.0001
0.0259,1.0002
0.0260,0.9999
0.0261,1.0002
0.0262,0.9999
0.0263,1.0000
0.0264,1.0000
0.0265,0.9999
0.0266,1.0001
0.0267,1.0001
0.0268,1.0001
0.0269,1.0000
0.0270,1.0001
0.0271,1.0001
0.0272,1.0000
0.0273,1.0001
0.0274,0.9999
0.0275,1.0002
0.0276,0.9997
0.0277,1.0000
0.0278,1.0001
0.0279,0.9999
0.0280,1.0000
0.0281,1.0000
0.0282,1.0000
0.0283,1.0000
0.0284,0.9999
0.0285,1.0001
0.0286,1.0001
0.0287,0.9999
0.0288,1.0000
0.0289,1.0001
0.0290,1.0000
0.0291,0.9999
0.0292,1.0000
0.0293,0.9998
0.0294,0.9998
0.0295,1.0001
0.0296,1.0000
0.0297,1.0002
0.0298,0.9999
0.0299,1.0000
0.0300,1.0000
0.0301,1.0000
0.0302,1.0000
0.0303,0.9999
0.0304,0.9998
0.0305,1.0000
0.0306,0.9999
0.0307,1.0001
0.0308,1.0001
0.0309,0.9999
0.0310,1.0002
0.0311,0.9999
0.0312,0.9999
0.0313,1.0001
0.0314,0.9998
0.0315,1.0002
0.0316,1.0000
0.0317,1.0001
0.0318,1.0001
0.0319,1.0000
0.0320,1.0001
0.0321,0.9999
0.0322,1.0000
0.0323,1.0000
0.0324,1.0000
0.0325,0.9998
0.0326,0.9998
0.0327,1.0000
0.0328,1.0000
0.0329,1.0000
0.0330,1.0000
0.0331,1.0000
0.0332,1.0000
0.0333,1.0000
0.0334,1.0000
0.0335,1.0000
0.0336,1.0001
0.0337,1.0001
0.0338,0.9999
0.0339,1.0000
0.0340,1.0000
0.0341,1.0000
0.0342,1.0000
0.0343,1.0000
0.0344,1.0001
0.0345,1.0000
0.0346,1.0000
0.0347,1.0000
0.0348,0.9998
0.0349,1.0001
0.0350,1.0000
0.0351,1.0000
0.0352,1.0000
0.0353,0.9999
0.0354,1.0000
0.0355,0.9999
0.0356,1.0001
0.0357,1.0001
0.0358,1.0001
0.0359,1.0000
0.0360,0.9999
0.0361,0.9999
0.0362,1.0000
0.0363,1.0000
0.0364,1.0001
0.0365,1.0000
0.0366,0.9998
0.0367,1.0002
0.0368,1.0000
0.0369,1.0001
0.0370,1.0001
0.0371,1.0000
0.0372,0.9998
0.0373,1.0000
0.0374,1.0000
0.0375,1.0000
0.0376,1.0000
0.0377,1.0002
0.0378,1.0000
0.0379,0.9999
0.0380,1.0002
0.0381,1.0000
0.0382,1.0000
0.0383,1.0001
0.0384,1.0001
0.0385,0.9999
0.0386,1.0000
0.0387,1.0002
0.0388,1.0000
0.0389,0.9999
0.0390,1.0000
0.0391,0.9999
0.0392,1.0001
0.0393,1.0000
0.0394,0.9999
0.0395,0.9998
0.0396,1.0000
0.0397,1.0001
0.0398,0.9998
0.0399,1.0000
0.0400,1.0000
0.0401,1.0001
0.0402,1.0000
0.0403,0.9999
0.0404,1.0000
0.0405,0.9999
0.0406,1.0000
0.0407,1.0000
0.0408,0.9998
0.0409,1.0000
0.0410,1.0000
0.0411,0.9999
0.0412,1.0001
0.0413,1.0000
0.0414,1.0001
0.0415,0.9999
0.0416,1.0000
0.0417,1.0000
0.0418,0.9999
0.0419,0.9998
0.0420,1.0001
0.0421,1.0002
0.0422,0.9999
0.0423,1.0000
0.0424,0.9999
0.0425,0.9999
0.0426,0.9999
0.0427,0.9999
0.0428,1.0001
0.0429,1.0000
0.0430,1.0002
0.0431,0.9999
0.0432,0.9999
0.0433,1.0001
0.0434,1.0001
0.0435,1.0000
0.0436,1.0001
0.0437,1.0001
0.0438,1.0001
0.0439,1.0000
0.0440,0.9999
0.0441,1.0000
0.0442,1.0000
0.0443,1.0000
0.0444,1.0001
0.0445,1.0002
0.0446,0.9999
0.0447,1.0000
0.0448,1.0001
0.0449,0.9999
0.0450,1.0000
0.0451,1.0000
0.0452,1.0000
0.0453,1.0000
0.0454,1.0001
0.0455,0.9999
0.0456,1.0000
0.0457,1.0000
0.0458,1.0000
0.0459,0.9999
0.0460,1.0000
0.0461,1.0001
0.0462,1.0000
0.0463,0.9998
0.0464,1.0000
0.0465,1.0000
0.0466,1.0000
0.0467,0.9999
0.0468,1.0000
0.0469,1.0000
0.0470,1.0001
0.0471,0.9999
0.0472,1.0000
0.0473,1.0000
0.0474,1.0000
0.0475,1.0000
0.0476,1.0000
0.0477,0.9999
0.0478,1.0002
0.0479,0.9998
0.0480,0.9999
0.0481,1.0000
0.0482,1.0001
0.0483,1.0001
0.0484,1.0000
0.0485,0.9999
0.0486,0.9999
0.0487,0.9998
0.0488,0.9999
0.0489,0.9999
0.0490,1.0000
0.0491,1.0000
0.0492,1.0000
0.0493,0.9999
0.0494,1.0000
0.0495,0.9998
0.0496,1.0001
0.0497,0.9998
0.0498,1.0001
0.0499,1.0002
0.0500,1.0002
0.0501,1.0000
0.0502,1.0000
0.0503,1.0000
0.0504,1.0000
0.0505,1.0003
0.0506,0.9999
0.0507,1.0000
0.0508,1.0002
0.0509,0.9998
0.0510,1.0002
0.0511,0.9999
0.0512,1.0001
0.0513,1.0002
0.0514,1.0000
0.0515,1.0001
0.0516,1.0000
0.0517,1.0000
0.0518,0.9999
0.0519,0.9998
0.0520,1.0001
0.0521,1.0000
0.0522,1.0001
0.0523,0.9999
0.0524,1.0001
0.0525,0.9999
0.0526,1.0002
0.0527,1.0000
0.0528,1.0000
0.0529,1.0001
0.0530,0.9999
0.0531,1.0000
0.0532,1.0000
0.0533,1.0000
0.0534,1.0001
0.0535,1.0000
0.0536,1.0000
0.0537,1.0001
0.0538,1.0001
0.0539,1.0001
0.0540,1.0001
0.0541,1.0001
0.0542,1.0001
0.0543,0.9999
0.0544,1.0001
0.0545,0.9998
0.0546,0.9999
0.0547,1.0001
0.0548,1.0000
0.0549,1.0000
0.0550,1.0000
0.0551,1.0001
0.0552,0.9998
0.0553,1.0002
0.0554,1.0001
0.0555,0.9999
0.0556,0.9999
0.0557,1.0000
0.0558,1.0002
0.0559,0.9999
0.0560,1.0000
0.0561,0.9998
0.0562,1.0001
0.0563,1.0001
0.0564,1.0000
0.0565,0.9999
0.0566,1.0001
0.0567,0.9999
0.0568,0.9999
0.0569,0.9999
0.0570,1.0000
0.0571,1.0001
0.0572,1.0001
0.0573,0.9999
0.0574,1.0002
0.0575,1.0001
0.0576,1.0000
0.0577,1.0000
0.0578,1.0001
0.0579,0.9999
0.0580,1.0000
0.0581,1.0000
0.0582,1.0000
0.0583,1.0000
0.0584,1.0000
0.0585,0.9999
0.0586,0.9999
0.0587,1.0000
0.0588,1.0000
0.0589,1.0000
0.0590,0.9998
0.0591,1.0000
0.0592,0.9999
0.0593,0.9999
0.0594,1.0002
0.0595,1.0000
0.0596,1.0001
0.0597,1.0000
0.0598,1.0000
0.0599,0.9999
0.0600,1.0001
0.0601,0.9999
0.0602,1.0001
0.0603,1.0001
0.0604,1.0001
0.0605,0.9999
0.0606,1.0001
0.0607,0.9998
0.0608,0.9999
0.0609,1.0001
0.0610,1.0001
0.0611,1.0001
0.0612,1.0000
0.0613,0.9999
0.0614,1.0001
0.0615,1.0000
0.0616,0.9999
0.0617,1.0000
0.0618,1.0001
0.0619,1.0000
0.0620,0.9999
0.0621,0.9999
0.0622,0.9998
0.0623,1.0000
0.0624,1.0000
0.0625,1.0001
0.0626,0.9999
0.0627,1.0001
0.0628,1.0000
0.0629,1.0001
0.0630,0.9998
0.0631,0.9999
0.0632,0.9997
0.0633,1.0002
0.0634,1.0001
0.0635,1.0002
0.0636,0.9998
0.0637,0.9999
0.0638,0.9998
0.0639,1.0000
0.0640,1.0001
0.0641,1.0000
0.0642,0.9998
0.0643,1.0001
0.0644,1.0000
0.0645,1.0000
0.0646,1.0000
0.0647,1.0002
0.0648,0.9999
0.0649,1.0001
0.0650,1.0002
0.0651,0.9998
0.0652,1.0000
0.0653,0.9999
0.0654,0.9999
0.0655,1.0000
0.0656,1.0000
0.0657,1.0000
0.0658,0.9998
0.0659,0.9999
0.0660,0.9997
0.0661,1.0002
0.0662,1.0000
0.0663,1.0000
0.0664,1.0002
0.0665,1.0002
0.0666,0.9999
0.0667,1.0001
0.0668,1.0000
0.0669,1.0001
0.0670,0.9997
0.0671,1.0000
0.0672,0.9999
0.0673,1.0001
0.0674,1.0000
0.0675,1.0001
0.0676,1.0000
0.0677,1.0001
0.0678,0.9999
0.0679,1.0001
0.0680,0.9999
0.0681,1.0001
0.0682,1.0001
0.0683,1.0001
0.0684,1.0001
0.0685,1.0000
0.0686,1.0002
0.0687,0.9997
0.0688,1.0000
0.0689,0.9999
0.0690,0.9999
0.0691,0.9999
0.0692,1.0002
0.0693,1.0000
0.0694,0.9999
0.0695,1.0001
0.0696,0.9999
0.0697,0.9998
0.0698,1.0001
0.0699,1.0001
0.0700,0.9998
0.0701,1.0001
0.0702,1.0000
0.0703,1.0000
0.0704,1.0000
0.0705,1.0000
0.0706,1.0000
0.0707,1.0000
0.0708,1.0001
0.0709,1.0000
0.0710,0.9999
0.0711,1.0002
0.0712,1.0000
0.0713,0.9999
0.0714,1.0001
0.0715,1.0000
0.0716,0.9999
0.0717,1.0000
0.0718,1.0001
0.0719,0.9999
0.0720,1.0000
0.0721,1.0000
0.0722,0.9998
0.0723,1.0000
0.0724,0.9999
0.0725,1.0002
0.0726,1.0000
0.0727,1.0000
0.0728,0.9999
0.0729,1.0000
0.0730,1.0000
0.0731,1.0001
0.0732,1.0000
0.0733,1.0000
0.0734,1.0001
0.0735,0.9998
0.0736,1.0001
0.0737,1.0000
0.0738,0.9998
0.0739,0.9999
0.0740,1.0001
0.0741,0.9999
0.0742,1.0001
0.0743,0.9999
0.0744,1.0002
0.0745,1.0000
0.0746,1.0002
0.0747,1.0000
0.0748,1.0000
0.0749,0.9999
0.0750,1.0001
0.0751,1.0000
0.0752,1.0000
0.0753,1.0000
0.0754,1.0000
0.0755,1.0000
0.0756,1.0000
0.0757,1.0002
0.0758,1.0000
0.0759,0.9998
0.0760,0.9998
0.0761,1.0001
0.0762,1.0002
0.0763,0.9999
0.0764,1.0000
0.0765,1.0000
0.0766,1.0001
0.0767,1.0000
0.0768,1.0002
0.0769,1.0000
0.0770,1.0000
0.0771,1.0000
0.0772,0.9999
0.0773,1.0001
0.0774,1.0000
0.0775,0.9998
0.0776,1.0000
0.0777,1.0001
0.0778,0.9999
0.0779,1.0000
0.0780,0.9999
0.0781,0.9999
0.0782,1.0001
0.0783,1.0000
0.0784,1.0001
0.0785,1.0000
0.0786,1.0001
0.0787,1.0002
0.0788,1.0001
0.0789,1.0000
0.0790,1.0000
0.0791,1.0002
0.0792,1.0000
0.0793,1.0000
0.0794,0.9999
0.0795,1.0000
0.0796,1.0000
0.0797,1.0000
0.0798,1.0000
0.0799,1.0000
0.0800,1.0002
0.0801,0.9999
0.0802,1.0000
0.0803,1.0001
0.0804,0.9999
0.0805,1.0000
0.0806,0.9999
0.0807,0.9999
0.0808,1.0001
0.0809,1.0000
0.0810,1.0001
0.0811,0.9998
0.0812,1.0000
0.0813,0.9999
0.0814,1.0000
0.0815,0.9999
0.0816,1.0001
0.0817,1.0000
0.0818,1.0001
0.0819,1.0000
0.0820,0.9999
0.0821,0.9999
0.0822,1.0001
0.0823,1.0000
0.0824,0.9998
0.0825,1.0001
0.0826,0.9999
0.0827,1.0000
0.0828,1.0000
0.0829,1.0000
0.0830,1.0001
0.0831,1.0001
0.0832,1.0000
0.0833,1.0003
0.0834,1.0000
0.0835,1.0001
0.0836,1.0001
0.0837,1.0001
0.0838,1.0000
0.0839,1.0001
0.0840,1.0000
0.0841,0.9999
0.0842,1.0000
0.0843,1.0001
0.0844,1.0000
0.0845,1.0000
0.0846,0.9999
0.0847,1.0000
0.0848,1.0001
0.0849,1.0000
0.0850,1.0000
0.0851,0.9999
0.0852,0.9998
0.0853,1.0001
0.0854,1.0000
0.0855,0.9999
0.0856,1.0000
0.0857,1.0000
0.0858,0.9999
0.0859,1.0000
0.0860,0.9999
0.0861,1.0001
0.0862,0.9999
0.0863,1.0000
0.0864,1.0001
0.0865,1.0001
0.0866,1.0002
0.0867,1.0001
0.0868,1.0001
0.0869,1.0000
0.0870,1.0001
0.0871,1.0000
0.0872,1.0000
0.0873,1.0000
0.0874,1.0001
0.0875,0.9999
0.0876,1.0001
0.0877,1.0002
0.0878,0.9998
0.0879,1.0002
0.0880,1.0000
0.0881,0.9999
0.0882,1.0000
0.0883,0.9999
0.0884,0.9999
0.0885,1.0001
0.0886,1.0001
0.0887,1.0000
0.0888,1.0000
0.0889,1.0000
0.0890,0.9998
0.0891,1.0000
0.0892,1.0000
0.0893,1.0001
0.0894,1.0000
0.0895,0.9999
0.0896,1.0000
0.0897,1.0001
0.0898,1.0000
0.0899,1.0000
0.0900,1.0000
0.0901,1.0001
0.0902,0.9999
0.0903,1.0000
0.0904,1.0000
0.0905,0.9999
0.0906,1.0000
0.0907,1.0000
0.0908,1.0001
0.0909,1.0002
0.0910,1.0000
0.0911,0.9998
0.0912,1.0000
0.0913,1.0002
0.0914,1.0001
0.0915,1.0001
0.0916,0.9999
0.0917,1.0000
0.0918,1.0000
0.0919,1.0001
0.0920,0.9998
0.0921,1.0001
0.0922,1.0000
0.0923,1.0000
0.0924,1.0000
0.0925,1.0001
0.0926,1.0001
0.0927,1.0000
0.0928,1.0000
0.0929,1.0001
0.0930,0.9999
0.0931,1.0001
0.0932,0.9999
0.0933,1.0001
0.0934,1.0000
0.0935,1.0000
0.0936,1.0000
0.0937,1.0000
0.0938,0.9999
0.0939,1.0000
0.0940,1.0001
0.0941,1.0002
0.0942,1.0001
0.0943,1.0000
0.0944,1.0000
0.0945,1.0000
0.0946,0.9999
0.0947,1.0001
0.0948,1.0001
0.0949,0.9998
0.0950,0.9999
0.0951,1.0000
0.0952,1.0002
0.0953,0.9999
0.0954,0.9999
0.0955,1.0001
0.0956,1.0002
0.0957,1.0000
0.0958,0.9999
0.0959,1.0000
0.0960,1.0001
0.0961,1.0001
0.0962,1.0001
0.0963,0.9999
0.0964,0.9999
0.0965,1.0000
0.0966,0.9999
0.0967,0.9999
0.0968,1.0000
0.0969,1.0000
0.0970,1.0001
0.0971,1.0000
0.0972,1.0000
0.0973,1.0000
0.0974,0.9999
0.0975,1.0000
0.0976,1.0000
0.0977,0.9998
0.0978,1.0001
0.0979,1.0002
0.0980,1.0001
0.0981,1.0000
0.0982,1.0001
0.0983,1.0000
0.0984,1.0000
0.0985,1.0002
0.0986,1.0000
0.0987,1.0000
0.0988,0.9999
0.0989,1.0001
0.0990,1.0000
0.0991,1.0001
0.0992,1.0000
0.0993,1.0001
0.0994,1.0001
0.0995,0.9999
0.0996,1.0000
0.0997,0.9998
0.0998,0.9999
0.0999,0.9998
0.1000,0.9999
0.1001,1.0001
0.1002,1.0001
0.1003,0.9999
0.1004,1.0000
0.1005,1.0000
0.1006,1.0000
0.1007,1.0000
0.1008,1.0001
0.1009,1.0000
0.1010,1.0000
0.1011,1.0000
0.1012,1.0001
0.1013,0.9999
0.1014,0.9999
0.1015,1.0001
0.1016,0.9999
0.1017,1.0000
0.1018,0.9999
0.1019,1.0001
0.1020,1.0000
0.1021,1.0001
0.1022,0.9999
0.1023,1.0000
0.1024,1.0001
0.1025,0.9999
0.1026,1.0000
0.1027,1.0000
0.1028,0.9999
0.1029,1.0000
0.1030,1.0000
0.1031,1.0001
0.1032,0.9999
0.1033,1.0000
0.1034,0.9999
0.1035,0.9999
0.1036,1.0001
0.1037,1.0000
0.1038,1.0000
0.1039,0.9999
0.1040,0.9999
0.1041,1.0000
0.1042,1.0001
0.1043,1.0002
0.1044,0.9999
0.1045,1.0002
0.1046,0.9999
0.1047,1.0000
0.1048,1.0001
0.1049,0.9997
0.1050,0.9998
0.1051,0.9999
0.1052,0.9999
0.1053,1.0000
0.1054,1.0000
0.1055,0.9999
0.1056,0.9999
0.1057,1.0000
0.1058,0.9999
0.1059,1.0001
0.1060,1.0000
0.1061,1.0002
0.1062,1.0000
0.1063,0.9999
0.1064,1.0001
0.1065,0.9999
0.1066,1.0000
0.1067,1.0000
0.1068,0.9999
0.1069,0.9999
0.1070,1.0002
0.1071,0.9999
0.1072,1.0001
0.1073,1.0001
0.1074,0.9999
0.1075,1.0000
0.1076,1.0000
0.1077,1.0001
0.1078,1.0001
0.1079,1.0000
0.1080,1.0001
0.1081,1.0000
0.1082,1.0000
0.1083,1.0001
0.1084,1.0002
0.1085,1.0001
0.1086,0.9998
0.1087,1.0000
0.1088,1.0000
0.1089,1.0000
0.1090,1.0001
0.1091,1.0000
0.1092,1.0001
0.1093,1.0000
0.1094,0.9999
0.1095,0.9999
0.1096,0.9999
0.1097,0.9999
0.1098,0.9999
0.1099,0.9998
0.1100,1.0001
0.1101,1.0001
0.1102,0.9999
0.1103,0.9998
0.1104,1.0000
0.1105,0.9997
0.1106,1.0000
0.1107,0.9999
0.1108,1.0001
0.1109,1.0000
0.1110,1.0002
0.1111,0.9998
0.1112,0.9999
0.1113,0.9999
0.1114,1.0000
0.1115,1.0000
0.1116,1.0000
0.1117,0.9999
0.1118,1.0000
0.1119,1.0000
0.1120,1.0000
0.1121,0.9999
0.1122,1.0000
0.1123,0.9999
0.1124,1.0000
0.1125,1.0000
0.1126,1.0000
0.1127,0.9999
0.1128,1.0000
0.1129,0.9998
0.1130,1.0000
0.1131,1.0001
0.1132,1.0000
0.1133,1.0001
0.1134,1.0002
0.1135,1.0001
0.1136,1.0001
0.1137,1.0002
0.1138,1.0001
0.1139,1.0000
0.1140,1.0000
0.1141,1.0001
0.1142,1.0000
0.1143,1.0000
0.1144,1.0000
0.1145,1.0001
0.1146,0.9999
0.1147,0.9999
0.1148,1.0000
0.1149,1.0000
0.1150,1.0000
0.1151,1.0001
0.1152,0.9999
0.1153,0.9999
0.1154,1.0001
0.1155,0.9999
0.1156,1.0001
0.1157,0.9999
0.1158,0.9999
0.1159,1.0000
0.1160,1.0001
0.1161,1.0002
0.1162,1.0000
0.1163,1.0001
0.1164,1.0001
0.1165,1.0000
0.1166,1.0000
0.1167,1.0000
0.1168,1.0000
0.1169,1.0000
0.1170,0.9999
0.1171,0.9999
0.1172,1.0000
0.1173,1.0000
0.1174,1.0001
0.1175,0.9997
0.1176,1.0000
0.1177,0.9997
0.1178,1.0000
0.1179,1.0001
0.1180,1.0000
0.1181,1.0001
0.1182,1.0000
0.1183,1.0001
0.1184,1.0001
0.1185,1.0000
0.1186,1.0001
0.1187,1.0000
0.1188,1.0001
0.1189,0.9999
0.1190,1.0000
0.1191,0.9999
0.1192,1.0000
0.1193,1.0000
0.1194,1.0001
0.1195,0.9999
0.1196,1.0000
0.1197,1.0001
0.1198,0.9999
0.1199,0.9999
0.1200,1.0000
0.1201,1.0001
0.1202,1.0001
0.1203,1.0001
0.1204,1.0001
0.1205,0.9999
0.1206,0.9998
0.1207,0.9999
0.1208,1.0000
0.1209,0.9999
0.1210,0.9999
0.1211,1.0000
0.1212,0.9999
0.1213,1.0001
0.1214,0.9999
0.1215,1.0000
0.1216,0.9998
0.1217,0.9999
0.1218,0.9999
0.1219,0.9999
0.1220,1.0001
0.1221,1.0000
0.1222,1.0000
0.1223,1.0000
0.1224,1.0000
0.1225,1.0000
0.1226,0.9999
0.1227,1.0000
0.1228,0.9998
0.1229,0.9999
0.1230,1.0000
0.1231,0.9998
0.1232,1.0000
0.1233,0.9998
0.1234,1.0000
0.1235,1.0000
0.1236,1.0000
0.1237,1.0002
0.1238,1.0002
0.1239,1.0002
0.1240,1.0001
0.1241,1.0000
0.1242,1.0000
0.1243,0.9998
0.1244,1.0000
0.1245,1.0000
0.1246,1.0001
0.1247,1.0000
0.1248,0.9999
0.1249,1.0000
0.1250,1.0002
0.1251,1.0001
0.1252,1.0000
0.1253,1.0001
0.1254,0.9999
0.1255,1.0002
0.1256,1.0000
0.1257,1.0000
0.1258,1.0000
0.1259,1.0000
0.1260,1.0000
0.1261,1.0001
0.1262,1.0000
0.1263,1.0001
0.1264,1.0000
0.1265,1.0000
0.1266,1.0000
0.1267,1.0001
0.1268,1.0001
0.1269,1.0001
0.1270,1.0000
0.1271,1.0000
0.1272,1.0002
0.1273,1.0000
0.1274,1.0002
0.1275,1.0000
0.1276,1.0000
0.1277,1.0001
0.1278,0.9999
0.1279,1.0001
0.1280,1.0000
0.1281,1.0001
0.1282,1.0001
0.1283,1.0000
0.1284,0.9998
0.1285,1.0000
0.1286,0.9999
0.1287,1.0000
0.1288,0.9998
0.1289,1.0000
0.1290,0.9999
0.1291,0.9997
0.1292,0.9999
0.1293,0.9998
0.1294,1.0002
0.1295,1.0002
0.1296,1.0000
0.1297,0.9999
0.1298,1.0001
0.1299,0.9999
0.1300,1.0001
0.1301,1.0000
0.1302,1.0002
0.1303,0.9998
0.1304,1.0000
0.1305,1.0001
0.1306,0.9999
0.1307,0.9999
0.1308,0.9999
0.1309,1.0001
0.1310,1.0001
0.1311,0.9997
0.1312,1.0000
0.1313,1.0000
0.1314,1.0000
0.1315,1.0001
0.1316,1.0001
0.1317,1.0000
0.1318,0.9999
0.1319,1.0000
0.1320,0.9999
0.1321,0.9999
0.1322,1.0000
0.1323,1.0000
0.1324,1.0001
0.1325,0.9999
0.1326,0.9999
0.1327,1.0000
0.1328,1.0000
0.1329,0.9999
0.1330,1.0001
0.1331,0.9997
0.1332,1.0000
0.1333,1.0001
0.1334,1.0000
0.1335,1.0001
0.1336,1.0001
0.1337,1.0000
0.1338,1.0001
0.1339,0.9999
0.1340,1.0002
0.1341,1.0000
0.1342,1.0000
0.1343,1.0000
0.1344,1.0001
0.1345,1.0001
0.1346,1.0001
0.1347,0.9999
0.1348,0.9999
0.1349,0.9999
0.1350,1.0000
0.1351,0.9999
0.1352,0.9999
0.1353,1.0000
0.1354,1.0001
0.1355,1.0003
0.1356,0.9999
0.1357,0.9999
0.1358,0.9999
0.1359,1.0001
0.1360,1.0002
0.1361,1.0000
0.1362,1.0002
0.1363,0.9998
0.1364,1.0000
0.1365,1.0001
0.1366,1.0000
0.1367,0.9999
0.1368,0.9999
0.1369,1.0001
0.1370,0.9999
0.1371,0.9999
0.1372,1.0000
0.1373,1.0000
0.1374,0.9999
0.1375,0.9999
0.1376,0.9999
0.1377,0.9999
0.1378,1.0000
0.1379,0.9999
0.1380,1.0002
0.1381,0.9999
0.1382,1.0001
0.1383,1.0000
0.1384,1.0001
0.1385,0.9999
0.1386,0.9999
0.1387,1.0001
0.1388,1.0000
0.1389,1.0001
0.1390,0.9998
0.1391,0.9998
0.1392,1.0001
0.1393,1.0000
0.1394,1.0000
0.1395,1.0002
0.1396,1.0002
0.1397,0.9999
0.1398,1.0000
0.1399,1.0000
0.1400,1.0001
0.1401,1.0001
0.1402,1.0000
0.1403,1.0000
0.1404,0.9998
0.1405,1.0001
0.1406,1.0001
0.1407,1.0002
0.1408,1.0002
0.1409,1.0001
0.1410,1.0000
0.1411,1.0001
0.1412,1.0002
0.1413,1.0001
0.1414,1.0001
0.1415,0.9998
0.1416,1.0001
0.1417,1.0001
0.1418,1.0001
0.1419,0.9999
0.1420,0.9999
0.1421,1.0000
0.1422,0.9998
0.1423,0.9999
0.1424,0.9999
0.1425,1.0000
0.1426,1.0000
0.1427,1.0000
0.1428,0.9999
0.1429,0.9998
0.1430,1.0000
0.1431,1.0002
0.1432,0.9999
0.1433,1.0000
0.1434,1.0001
0.1435,1.0000
0.1436,1.0000
0.1437,1.0000
0.1438,1.0000
0.1439,0.9999
0.1440,1.0000
0.1441,1.0001
0.1442,0.9999
0.1443,0.9998
0.1444,0.9999
0.1445,0.9997
0.1446,0.9999
0.1447,1.0000
0.1448,1.0000
0.1449,1.0001
0.1450,0.9998
0.1451,0.9998
0.1452,0.9999
0.1453,1.0000
0.1454,1.0001
0.1455,0.9999
0.1456,0.9999
0.1457,1.0000
0.1458,0.9998
0.1459,1.0001
0.1460,1.0001
0.1461,1.0000
0.1462,0.9999
0.1463,1.0000
0.1464,1.0000
0.1465,1.0001
0.1466,1.0000
0.1467,0.9998
0.1468,0.9999
0.1469,0.9999
0.1470,0.9999
0.1471,1.0001
0.1472,1.0000
0.1473,0.9999
0.1474,0.9998
0.1475,0.9999
0.1476,0.9999
0.1477,1.0001
0.1478,1.0000
0.1479,1.0002
0.1480,1.0000
0.1481,1.0000
0.1482,1.0000
0.1483,0.9999
0.1484,1.0001
0.1485,1.0001
0.1486,1.0000
0.1487,1.0003
0.1488,0.9999
0.1489,1.0000
0.1490,1.0001
0.1491,1.0001
0.1492,1.0000
0.1493,1.0001
0.1494,1.0001
0.1495,0.9998
0.1496,1.0000
0.1497,1.0001
0.1498,1.0000
0.1499,1.0000
0.1500,1.0000
0.1501,1.0000
0.1502,1.0001
0.1503,1.0000
0.1504,0.9999
0.1505,1.0001
0.1506,1.0000
0.1507,1.0000
0.1508,1.0001
0.1509,1.0000
0.1510,1.0000
0.1511,0.9999
0.1512,1.0000
0.1513,1.0001
0.1514,1.0000
0.1515,1.0000
0.1516,0.9998
0.1517,1.0001
0.1518,0.9998
0.1519,1.0000
0.1520,0.9999
0.1521,1.0000
0.1522,0.9998
0.1523,1.0000
0.1524,0.9999
0.1525,0.9999
0.1526,0.9999
0.1527,1.0000
0.1528,1.0000
0.1529,1.0000
0.1530,1.0000
0.1531,1.0001
0.1532,1.0000
0.1533,1.0000
0.1534,1.0000
0.1535,1.0001
0.1536,0.9998
0.1537,1.0001
0.1538,0.9998
0.1539,1.0001
0.1540,1.0002
0.1541,1.0001
0.1542,1.0000
0.1543,0.9999
0.1544,1.0000
0.1545,1.0001
0.1546,0.9999
0.1547,1.0001
0.1548,1.0001
0.1549,1.0000
0.1550,1.0001
0.1551,0.9998
0.1552,1.0002
0.1553,1.0000
0.1554,1.0001
0.1555,0.9999
0.1556,1.0001
0.1557,1.0000
0.1558,1.0002
0.1559,0.9999
0.1560,1.0001
0.1561,1.0001
0.1562,0.9999
0.1563,1.0000
0.1564,1.0002
0.1565,0.9999
0.1566,1.0000
0.1567,1.0000
0.1568,0.9999
0.1569,1.0001
0.1570,0.9998
0.1571,1.0001
0.1572,1.0000
0.1573,0.9999
0.1574,1.0001
0.1575,1.0002
0.1576,1.0001
0.1577,1.0002
0.1578,0.9999
0.1579,0.9999
0.1580,1.0000
0.1581,1.0000
0.1582,1.0002
0.1583,0.9998
0.1584,0.9998
0.1585,0.9999
0.1586,1.0001
0.1587,1.0000
0.1588,1.0000
0.1589,1.0000
0.1590,1.0001
0.1591,1.0000
0.1592,1.0000
0.1593,1.0000
0.1594,1.0001
0.1595,1.0000
0.1596,1.0001
0.1597,1.0000
0.1598,0.9999
0.1599,0.9999
0.1600,0.9998
0.1601,1.0001
0.1602,1.0002
0.1603,0.9999
0.1604,1.0000
0.1605,1.0000
0.1606,0.9998
0.1607,0.9999
0.1608,1.0001
0.1609,1.0000
0.1610,1.0000
0.1611,1.0002
0.1612,1.0001
0.1613,1.0001
0.1614,1.0000
0.1615,0.9998
0.1616,1.0000
0.1617,1.0001
0.1618,1.0001
0.1619,1.0000
0.1620,1.0000
0.1621,1.0001
0.1622,1.0000
0.1623,1.0000
0.1624,1.0000
0.1625,1.0000
0.1626,1.0000
0.1627,0.9999
0.1628,1.0001
0.1629,1.0001
0.1630,0.9999
0.1631,0.9999
0.1632,0.9999
0.1633,1.0000
0.1634,1.0000
0.1635,0.9999
0.1636,1.0000
0.1637,1.0001
0.1638,0.9999
0.1639,0.9999
0.1640,0.9999
0.1641,1.0001
0.1642,1.0001
0.1643,0.9999
0.1644,1.0001
0.1645,0.9999
0.1646,1.0000
0.1647,1.0000
0.1648,0.9999
0.1649,1.0000
0.1650,1.0000
0.1651,0.9999
0.1652,1.0001
0.1653,1.0001
0.1654,0.9999
0.1655,1.0000
0.1656,1.0000
0.1657,1.0000
0.1658,0.9998
0.1659,1.0002
0.1660,0.9999
0.1661,1.0002
0.1662,0.9999
0.1663,1.0000
0.1664,1.0000
0.1665,0.9998
0.1666,1.0000
0.1667,0.9999
0.1668,1.0000
0.1669,1.0000
0.1670,1.0000
0.1671,1.0000
0.1672,0.9999
0.1673,0.9999
0.1674,0.9999
0.1675,1.0001
0.1676,1.0001
0.1677,1.0000
0.1678,0.9999
0.1679,1.0000
0.1680,1.0000
0.1681,1.0001
0.1682,1.0002
0.1683,1.0001
0.1684,1.0000
0.1685,0.9998
0.1686,1.0001
0.1687,1.0000
0.1688,1.0001
0.1689,1.0000
0.1690,1.0000
0.1691,0.9999
0.1692,0.9999
0.1693,0.9998
0.1694,1.0001
0.1695,0.9999
0.1696,0.9998
0.1697,1.0000
0.1698,0.9999
0.1699,1.0001
0.1700,1.0000
0.1701,1.0000
0.1702,0.9999
0.1703,1.0000
0.1704,1.0000
0.1705,1.0000
0.1706,0.9999
0.1707,1.0000
0.1708,1.0000
0.1709,1.0001
0.1710,1.0002
0.1711,1.0000
0.1712,1.0000
0.1713,1.0001
0.1714,0.9998
0.1715,0.9997
0.1716,1.0000
0.1717,0.9999
0.1718,0.9998
0.1719,0.9999
0.1720,1.0000
0.1721,1.0001
0.1722,1.0000
0.1723,1.0001
0.1724,1.0001
0.1725,1.0002
0.1726,1.0000
0.1727,1.0001
0.1728,0.9999
0.1729,1.0001
0.1730,0.9999
0.1731,0.9999
0.1732,1.0002
0.1733,1.0000
0.1734,1.0000
0.1735,1.0001
0.1736,1.0000
0.1737,1.0000
0.1738,1.0000
0.1739,1.0000
0.1740,1.0001
0.1741,1.0000
0.1742,1.0001
0.1743,0.9999
0.1744,0.9999
0.1745,1.0001
0.1746,0.9999
0.1747,1.0000
0.1748,1.0002
0.1749,1.0001
0.1750,0.9999
0.1751,1.0000
0.1752,1.0000
0.1753,1.0000
0.1754,0.9997
0.1755,1.0000
0.1756,0.9999
0.1757,1.0000
0.1758,1.0000
0.1759,1.0001
0.1760,0.9999
0.1761,0.9999
0.1762,0.9999
0.1763,1.0000
0.1764,1.0000
0.1765,1.0000
0.1766,1.0000
0.1767,1.0000
0.1768,1.0000
0.1769,1.0002
0.1770,1.0000
0.1771,1.0001
0.1772,1.0000
0.1773,1.0000
0.1774,1.0001
0.1775,1.0000
0.1776,0.9999
0.1777,1.0001
0.1778,0.9998
0.1779,1.0000
0.1780,1.0000
0.1781,1.0000
0.1782,1.0001
0.1783,1.0000
0.1784,1.0000
0.1785,1.0002
0.1786,1.0000
0.1787,1.0000
0.1788,1.0000
0.1789,1.0001
0.1790,1.0000
0.1791,1.0000
0.1792,1.0000
0.1793,1.0000
0.1794,1.0001
0.1795,1.0000
0.1796,1.0000
0.1797,1.0000
0.1798,1.0001
0.1799,1.0003
0.1800,1.0000
0.1801,1.0002
0.1802,1.0000
0.1803,1.0001
0.1804,0.9999
0.1805,0.9999
0.1806,1.0000
0.1807,1.0002
0.1808,1.0001
0.1809,1.0001
0.1810,1.0000
0.1811,0.9999
0.1812,1.0000
0.1813,0.9999
0.1814,1.0001
0.1815,0.9999
0.1816,1.0000
0.1817,1.0001
0.1818,0.9998
0.1819,0.9999
0.1820,1.0001
0.1821,1.0000
0.1822,0.9999
0.1823,1.0000
0.1824,0.9999
0.1825,1.0002
0.1826,1.0001
0.1827,1.0002
0.1828,0.9999
0.1829,0.9999
0.1830,0.9998
0.1831,1.0000
0.1832,1.0000
0.1833,0.9999
0.1834,1.0001
0.1835,1.0000
0.1836,1.0000
0.1837,1.0001
0.1838,1.0001
0.1839,0.9999
0.1840,0.9999
0.1841,1.0001
0.1842,1.0000
0.1843,1.0000
0.1844,1.0001
0.1845,1.0001
0.1846,1.0000
0.1847,1.0001
0.1848,1.0001
0.1849,0.9998
0.1850,0.9999
0.1851,1.0000
0.1852,0.9999
0.1853,0.9999
0.1854,1.0000
0.1855,1.0000
0.1856,0.9999
0.1857,1.0000
0.1858,1.0000
0.1859,1.0001
0.1860,1.0001
0.1861,0.9999
0.1862,0.9999
0.1863,0.9998
0.1864,1.0000
0.1865,0.9999
0.1866,0.9998
0.1867,0.9998
0.1868,1.0000
0.1869,1.0000
0.1870,1.0001
0.1871,1.0001
0.1872,1.0001
0.1873,1.0000
0.1874,1.0000
0.1875,1.0001
0.1876,1.0000
0.1877,1.0000
0.1878,1.0001
0.1879,1.0000
0.1880,0.9999
0.1881,1.0001
0.1882,1.0000
0.1883,1.0001
0.1884,1.0000
0.1885,1.0001
0.1886,1.0000
0.1887,1.0000
0.1888,1.0000
0.1889,1.0000
0.1890,1.0000
0.1891,0.9999
0.1892,0.9999
0.1893,1.0000
0.1894,1.0000
0.1895,0.9999
0.1896,0.9999
0.1897,1.0000
0.1898,1.0001
0.1899,0.9999
0.1900,1.0001
0.1901,1.0000
0.1902,0.9999
0.1903,1.0000
0.1904,0.9998
0.1905,1.0000
0.1906,0.9999
0.1907,1.0001
0.1908,0.9998
0.1909,1.0002
0.1910,0.9998
0.1911,1.0000
0.1912,1.0001
0.1913,1.0000
0.1914,1.0001
0.1915,1.0001
0.1916,0.9999
0.1917,0.9998
0.1918,0.9999
0.1919,1.0001
0.1920,0.9998
0.1921,1.0001
0.1922,1.0001
0.1923,1.0000
0.1924,0.9999
0.1925,1.0000
0.1926,1.0001
0.1927,0.9999
0.1928,0.9999
0.1929,1.0000
0.1930,0.9999
0.1931,1.0000
0.1932,1.0000
0.1933,1.0000
0.1934,1.0001
0.1935,1.0001
0.1936,0.9999
0.1937,0.9999
0.1938,0.9997
0.1939,0.9999
0.1940,1.0001
0.1941,0.9999
0.1942,0.9999
0.1943,1.0000
0.1944,0.9999
0.1945,0.9999
0.1946,0.9999
0.1947,0.9999
0.1948,1.0000
0.1949,0.9998
0.1950,1.0001
0.1951,1.0000
0.1952,0.9999
0.1953,0.9999
0.1954,1.0000
0.1955,0.9999
0.1956,1.0001
0.1957,1.0000
0.1958,0.9998
0.1959,1.0001
0.1960,1.0001
0.1961,1.0001
0.1962,1.0001
0.1963,1.0000
0.1964,0.9999
0.1965,0.9998
0.1966,1.0001
0.1967,1.0000
0.1968,0.9999
0.1969,1.0002
0.1970,1.0000
0.1971,0.9999
0.1972,1.0000
0.1973,0.9999
0.1974,1.0000
0.1975,0.9998
0.1976,1.0000
0.1977,1.0001
0.1978,0.9999
0.1979,1.0001
0.1980,1.0000
0.1981,1.0002
0.1982,1.0000
0.1983,1.0001
0.1984,0.9999
0.1985,0.9999
0.1986,1.0000
0.1987,1.0000
0.1988,1.0000
0.1989,0.9999
0.1990,1.0000
0.1991,0.9998
0.1992,1.0001
0.1993,1.0000
0.1994,0.9999
0.1995,0.9999
0.1996,1.0000
0.1997,0.9998
0.1998,1.0000
0.1999,1.0000
0.2000,0.9999
0.2001,1.0000
0.2002,1.0000
0.2003,0.9999
0.2004,1.0000
0.2005,1.0000
0.2006,0.9998
0.2007,0.9998
0.2008,1.0001
0.2009,1.0000
0.2010,1.0000
0.2011,1.0000
0.2012,1.0001
0.2013,1.0004
0.2014,0.9999
0.2015,1.0000
0.2016,0.9999
0.2017,1.0001
0.2018,1.0000
0.2019,1.0002
0.2020,0.9999
0.2021,1.0000
0.2022,1.0000
0.2023,1.0000
0.2024,0.9999
0.2025,0.9999
0.2026,1.0000
0.2027,0.9997
0.2028,1.0001
0.2029,1.0002
0.2030,1.0000
0.2031,1.0000
0.2032,0.9998
0.2033,0.9999
0.2034,1.0000
0.2035,1.0001
0.2036,0.9999
0.2037,0.9999
0.2038,1.0001
0.2039,1.0000
0.2040,1.0001
0.2041,1.0000
0.2042,1.0001
0.2043,1.0000
0.2044,1.0000
0.2045,1.0000
0.2046,1.0001
0.2047,0.9998
0.2048,1.0001
0.2049,1.0000
0.2050,1.0000
0.2051,0.9999
0.2052,0.9997
0.2053,0.9999
0.2054,1.0000
0.2055,1.0000
0.2056,1.0000
0.2057,1.0000
0.2058,1.0001
0.2059,1.0000
0.2060,0.9997
0.2061,0.9999
0.2062,1.0000
0.2063,0.9999
0.2064,1.0000
0.2065,1.0001
0.2066,0.9999
0.2067,1.0000
0.2068,1.0000
0.2069,0.9999
0.2070,1.0001
0.2071,1.0003
0.2072,1.0000
0.2073,1.0001
0.2074,1.0000
0.2075,1.0001
0.2076,1.0002
0.2077,0.9999
0.2078,0.9998
0.2079,0.9997
0.2080,1.0001
0.2081,1.0000
0.2082,1.0000
0.2083,0.9999
0.2084,1.0000
0.2085,1.0000
0.2086,1.0000
0.2087,1.0000
0.2088,1.0001
0.2089,0.9999
0.2090,0.9999
0.2091,0.9999
0.2092,0.9999
0.2093,1.0000
0.2094,1.0001
0.2095,1.0000
0.2096,0.9999
0.2097,0.9999
0.2098,1.0001
0.2099,1.0002
0.2100,1.0001
0.2101,1.0001
0.2102,1.0000
0.2103,1.0002
0.2104,1.0002
0.2105,0.9999
0.2106,1.0000
0.2107,1.0000
0.2108,1.0001
0.2109,1.0001
0.2110,0.9999
0.2111,1.0001
0.2112,1.0000
0.2113,1.0000
0.2114,0.9999
0.2115,0.9999
0.2116,1.0000
0.2117,1.0001
0.2118,1.0001
0.2119,1.0001
0.2120,1.0000
0.2121,1.0001
0.2122,1.0000
0.2123,0.9999
0.2124,0.9999
0.2125,0.9999
0.2126,1.0000
0.2127,1.0000
0.2128,1.0003
0.2129,1.0000
0.2130,1.0001
0.2131,1.0000
0.2132,1.0000
0.2133,1.0001
0.2134,0.9998
0.2135,1.0001
0.2136,0.9999
0.2137,1.0000
0.2138,1.0000
0.2139,1.0001
0.2140,1.0002
0.2141,1.0000
0.2142,1.0000
0.2143,0.9999
0.2144,0.9998
0.2145,0.9999
0.2146,1.0001
0.2147,1.0002
0.2148,0.9999
0.2149,0.9999
0.2150,0.9999
0.2151,1.0002
0.2152,0.9999
0.2153,1.0000
0.2154,0.9999
0.2155,1.0000
0.2156,0.9999
0.2157,0.9997
0.2158,0.9999
0.2159,1.0000
0.2160,1.0001
0.2161,1.0000
0.2162,1.0000
0.2163,0.9999
0.2164,1.0001
0.2165,0.9999
0.2166,1.0000
0.2167,1.0000
0.2168,1.0002
0.2169,0.9999
0.2170,1.0000
0.2171,0.9998
0.2172,0.9998
0.2173,0.9999
0.2174,0.9999
0.2175,0.9999
0.2176,1.0001
0.2177,0.9999
0.2178,1.0000
0.2179,1.0000
0.2180,1.0000
0.2181,1.0001
0.2182,1.0000
0.2183,1.0000
0.2184,1.0000
0.2185,1.0000
0.2186,1.0002
0.2187,1.0000
0.2188,1.0000
0.2189,1.0001
0.2190,1.0000
0.2191,1.0000
0.2192,1.0001
0.2193,0.9999
0.2194,1.0001
0.2195,1.0000
0.2196,1.0000
0.2197,0.9999
0.2198,1.0000
0.2199,1.0000
0.2200,1.0000
0.2201,1.0000
0.2202,0.9999
0.2203,1.0000
0.2204,1.0000
0.2205,1.0000
0.2206,1.0000
0.2207,0.9998
0.2208,1.0002
0.2209,0.9998
0.2210,1.0002
0.2211,1.0000
0.2212,0.9999
0.2213,1.0000
0.2214,0.9998
0.2215,0.9998
0.2216,0.9999
0.2217,1.0001
0.2218,0.9999
0.2219,0.9998
0.2220,1.0001
0.2221,1.0000
0.2222,0.9999
0.2223,0.9999
0.2224,1.0000
0.2225,1.0001
0.2226,0.9999
0.2227,1.0001
0.2228,1.0001
0.2229,1.0000
0.2230,1.0000
0.2231,1.0001
0.2232,1.0000
0.2233,1.0001
0.2234,1.0000
0.2235,0.9999
0.2236,1.0002
0.2237,1.0000
0.2238,0.9998
0.2239,0.9999
0.2240,0.9998
0.2241,0.9999
0.2242,0.9999
0.2243,0.9999
0.2244,1.0000
0.2245,1.0001
0.2246,0.9999
0.2247,0.9999
0.2248,0.9999
0.2249,1.0000
0.2250,1.0001
0.2251,1.0001
0.2252,1.0001
0.2253,1.0001
0.2254,1.0000
0.2255,0.9999
0.2256,0.9999
0.2257,1.0000
0.2258,0.9999
0.2259,1.0002
0.2260,0.9998
0.2261,1.0000
0.2262,1.0003
0.2263,1.0000
0.2264,0.9998
0.2265,0.9998
0.2266,0.9999
0.2267,1.0000
0.2268,0.9999
0.2269,1.0001
0.2270,0.9998
0.2271,1.0000
0.2272,0.9999
0.2273,1.0000
0.2274,1.0000
0.2275,1.0000
0.2276,1.0000
0.2277,1.0000
0.2278,0.9999
0.2279,1.0000
0.2280,0.9999
0.2281,1.0001
0.2282,0.9999
0.2283,1.0000
0.2284,1.0001
0.2285,1.0001
0.2286,1.0001
0.2287,1.0000
0.2288,1.0000
0.2289,0.9999
0.2290,1.0000
0.2291,0.9999
0.2292,1.0000
0.2293,1.0001
0.2294,0.9999
0.2295,1.0000
0.2296,0.9998
0.2297,1.0000
0.2298,0.9999
0.2299,1.0000
0.2300,0.9998
0.2301,1.0000
0.2302,1.0000
0.2303,0.9999
0.2304,1.0000
0.2305,1.0000
0.2306,1.0000
0.2307,0.9999
0.2308,0.9999
0.2309,0.9999
0.2310,0.9999
0.2311,0.9999
0.2312,0.9999
0.2313,0.9997
0.2314,1.0000
0.2315,1.0000
0.2316,1.0000
0.2317,1.0000
0.2318,1.0000
0.2319,1.0000
0.2320,1.0000
0.2321,1.0000
0.2322,1.0002
0.2323,0.9998
0.2324,1.0001
0.2325,1.0000
0.2326,0.9998
0.2327,1.0000
0.2328,1.0000
0.2329,1.0000
0.2330,0.9999
0.2331,1.0001
0.2332,1.0001
0.2333,1.0003
0.2334,1.0001
0.2335,1.0000
0.2336,1.0000
0.2337,1.0001
0.2338,1.0001
0.2339,1.0001
0.2340,0.9999
0.2341,0.9999
0.2342,1.0000
0.2343,1.0001
0.2344,1.0000
0.2345,1.0001
0.2346,0.9999
0.2347,1.0001
0.2348,1.0000
0.2349,0.9999
0.2350,0.9999
0.2351,1.0001
0.2352,0.9997
0.2353,0.9998
0.2354,1.0000
0.2355,1.0000
0.2356,1.0001
0.2357,1.0000
0.2358,1.0001
0.2359,1.0000
0.2360,1.0000
0.2361,0.9999
0.2362,0.9999
0.2363,1.0000
0.2364,1.0002
0.2365,0.9999
0.2366,1.0000
0.2367,1.0000
0.2368,0.9999
0.2369,1.0000
0.2370,0.9999
0.2371,1.0000
0.2372,1.0000
0.2373,1.0000
0.2374,1.0000
0.2375,1.0000
0.2376,1.0000
0.2377,1.0000
0.2378,1.0003
0.2379,1.0000
0.2380,1.0001
0.2381,1.0000
0.2382,0.9999
0.2383,0.9999
0.2384,1.0000
0.2385,0.9999
0.2386,1.0000
0.2387,1.0000
0.2388,1.0001
0.2389,1.0000
0.2390,1.0001
0.2391,1.0001
0.2392,1.0000
0.2393,1.0001
0.2394,1.0002
0.2395,1.0000
0.2396,1.0000
0.2397,1.0001
0.2398,0.9999
0.2399,1.0001
0.2400,0.9999
0.2401,1.0001
0.2402,1.0000
0.2403,1.0000
0.2404,1.0000
0.2405,1.0000
0.2406,0.9999
0.2407,1.0002
0.2408,1.0001
0.2409,0.9999
0.2410,0.9999
0.2411,1.0002
0.2412,1.0002
0.2413,0.9999
0.2414,0.9999
0.2415,1.0001
0.2416,1.0001
0.2417,1.0001
0.2418,0.9999
0.2419,1.0000
0.2420,1.0001
0.2421,1.0000
0.2422,1.0000
0.2423,1.0001
0.2424,0.9999
0.2425,0.9998
0.2426,0.9999
0.2427,0.9999
0.2428,1.0000
0.2429,1.0001
0.2430,0.9999
0.2431,0.9998
0.2432,1.0000
0.2433,1.0000
0.2434,1.0001
0.2435,1.0002
0.2436,1.0001
0.2437,1.0000
0.2438,1.0001
0.2439,1.0000
0.2440,1.0001
0.2441,1.0000
0.2442,1.0000
0.2443,1.0000
0.2444,0.9999
0.2445,1.0001
0.2446,1.0000
0.2447,1.0000
0.2448,1.0000
0.2449,1.0000
0.2450,0.9998
0.2451,1.0001
0.2452,1.0001
0.2453,1.0000
0.2454,1.0000
0.2455,0.9999
0.2456,0.9997
0.2457,1.0000
0.2458,0.9999
0.2459,1.0000
0.2460,1.0000
0.2461,1.0000
0.2462,0.9999
0.2463,1.0000
0.2464,1.0000
0.2465,0.9999
0.2466,0.9999
0.2467,0.9999
0.2468,1.0002
0.2469,1.0001
0.2470,0.9999
0.2471,1.0000
0.2472,1.0001
0.2473,0.9999
0.2474,0.9998
0.2475,0.9999
0.2476,1.0001
0.2477,0.9999
0.2478,1.0000
0.2479,1.0000
0.2480,1.0000
0.2481,0.9997
0.2482,0.9999
0.2483,1.0000
0.2484,0.9999
0.2485,0.9998
0.2486,0.9999
0.2487,0.9999
0.2488,0.9999
0.2489,1.0000
0.2490,0.9997
0.2491,1.0000
0.2492,1.0000
0.2493,1.0000
0.2494,1.0000
0.2495,0.9999
0.2496,1.0000
0.2497,1.0000
0.2498,0.9999
0.2499,1.0000
0.2500,1.0000
0.2501,0.9999
0.2502,0.9998
0.2503,0.9999
0.2504,1.0001
0.2505,0.9999
0.2506,1.0000
0.2507,1.0000
0.2508,1.0000
0.2509,1.0002
0.2510,0.9998
0.2511,1.0000
0.2512,0.9999
0.2513,1.0000
0.2514,0.9998
0.2515,1.0000
0.2516,1.0000
0.2517,1.0000
0.2518,1.0001
0.2519,1.0001
0.2520,1.0000
0.2521,0.9999
0.2522,1.0000
0.2523,1.0000
0.2524,1.0000
0.2525,1.0000
0.2526,0.9999
0.2527,0.9999
0.2528,1.0000
0.2529,1.0000
0.2530,1.0000
0.2531,1.0001
0.2532,1.0000
0.2533,1.0001
0.2534,1.0000
0.2535,1.0000
0.2536,1.0001
0.2537,1.0001
0.2538,1.0001
0.2539,0.9999
0.2540,1.0002
0.2541,1.0000
0.2542,0.9998
0.2543,0.9999
0.2544,0.9998
0.2545,1.0000
0.2546,0.9998
0.2547,1.0001
0.2548,1.0001
0.2549,1.0001
0.2550,1.0000
0.2551,1.0000
0.2552,1.0000
0.2553,1.0000
0.2554,0.9999
0.2555,1.0001
0.2556,1.0001
0.2557,1.0001
0.2558,0.9999
0.2559,1.0001
0.2560,1.0000
0.2561,1.0001
0.2562,1.0000
0.2563,1.0000
0.2564,1.0001
0.2565,1.0000
0.2566,0.9998
0.2567,1.0000
0.2568,1.0002
0.2569,1.0000
0.2570,1.0000
0.2571,1.0001
0.2572,0.9999
0.2573,1.0001
0.2574,1.0000
0.2575,0.9998
0.2576,1.0000
0.2577,1.0001
0.2578,1.0001
0.2579,1.0000
0.2580,1.0000
0.2581,1.0001
0.2582,1.0000
0.2583,0.9998
0.2584,0.9999
0.2585,0.9999
0.2586,0.9999
0.2587,1.0000
0.2588,1.0001
0.2589,1.0001
0.2590,0.9999
0.2591,1.0000
0.2592,1.0001
0.2593,0.9999
0.2594,1.0000
0.2595,1.0000
0.2596,1.0002
0.2597,1.0000
0.2598,0.9999
0.2599,1.0001
0.2600,1.0000
0.2601,0.9998
0.2602,1.0001
0.2603,1.0000
0.2604,1.0000
0.2605,1.0000
0.2606,1.0000
0.2607,1.0000
0.2608,1.0001
0.2609,0.9999
0.2610,1.0001
0.2611,1.0000
0.2612,0.9999
0.2613,0.9999
0.2614,1.0001
0.2615,1.0001
0.2616,1.0000
0.2617,1.0000
0.2618,1.0000
0.2619,1.0000
0.2620,1.0000
0.2621,1.0000
0.2622,1.0000
0.2623,0.9999
0.2624,0.9999
0.2625,0.9999
0.2626,1.0001
0.2627,1.0000
0.2628,1.0001
0.2629,1.0000
0.2630,1.0000
0.2631,1.0001
0.2632,1.0001
0.2633,0.9999
0.2634,0.9998
0.2635,0.9998
0.2636,1.0001
0.2637,1.0000
0.2638,1.0001
0.2639,1.0001
0.2640,1.0001
0.2641,0.9999
0.2642,0.9999
0.2643,1.0001
0.2644,0.9999
0.2645,1.0001
0.2646,1.0001
0.2647,1.0000
0.2648,1.0000
0.2649,1.0000
0.2650,1.0000
0.2651,0.9999
0.2652,1.0001
0.2653,1.0000
0.2654,1.0000
0.2655,0.9999
0.2656,0.9999
0.2657,1.0000
0.2658,1.0002
0.2659,0.9999
0.2660,1.0001
0.2661,1.0000
0.2662,0.9999
0.2663,1.0000
0.2664,1.0000
0.2665,1.0000
0.2666,0.9999
0.2667,0.9999
0.2668,1.0001
0.2669,1.0001
0.2670,1.0001
0.2671,1.0000
0.2672,0.9999
0.2673,1.0000
0.2674,0.9998
0.2675,1.0000
0.2676,1.0002
0.2677,1.0002
0.2678,0.9999
0.2679,1.0000
0.2680,1.0000
0.2681,1.0000
0.2682,0.9999
0.2683,0.9999
0.2684,0.9999
0.2685,0.9999
0.2686,0.9999
0.2687,1.0002
0.2688,1.0000
0.2689,1.0000
0.2690,1.0001
0.2691,1.0000
0.2692,1.0000
0.2693,0.9999
0.2694,1.0001
0.2695,1.0000
0.2696,0.9999
0.2697,1.0001
0.2698,1.0002
0.2699,1.0000
0.2700,1.0000
0.2701,0.9998
0.2702,1.0000
0.2703,0.9999
0.2704,1.0000
0.2705,1.0000
0.2706,1.0000
0.2707,1.0000
0.2708,1.0001
0.2709,1.0000
0.2710,1.0000
0.2711,0.9998
0.2712,0.9999
0.2713,1.0001
0.2714,1.0001
0.2715,0.9999
0.2716,1.0000
0.2717,1.0001
0.2718,1.0000
0.2719,1.0000
0.2720,1.0002
0.2721,1.0001
0.2722,0.9998
0.2723,1.0000
0.2724,1.0002
0.2725,1.0000
0.2726,0.9999
0.2727,1.0000
0.2728,1.0001
0.2729,1.0000
0.2730,1.0000
0.2731,0.9999
0.2732,0.9998
0.2733,0.9999
0.2734,1.0000
0.2735,1.0001
0.2736,1.0000
0.2737,0.9998
0.2738,1.0000
0.2739,0.9998
0.2740,0.9999
0.2741,0.9997
0.2742,1.0000
0.2743,1.0000
0.2744,0.9999
0.2745,0.9999
0.2746,1.0000
0.2747,1.0000
0.2748,1.0000
0.2749,1.0000
0.2750,1.0000
0.2751,1.0000
0.2752,0.9999
0.2753,1.0000
0.2754,1.0000
0.2755,1.0000
0.2756,1.0001
0.2757,1.0000
0.2758,1.0000
0.2759,0.9999
0.2760,0.9999
0.2761,0.9999
0.2762,1.0001
0.2763,1.0001
0.2764,1.0002
0.2765,1.0001
0.2766,1.0000
0.2767,1.0000
0.2768,1.0001
0.2769,0.9998
0.2770,0.9999
0.2771,1.0000
0.2772,1.0000
0.2773,0.9999
0.2774,1.0000
0.2775,1.0000
0.2776,1.0000
0.2777,0.9999
0.2778,1.0000
0.2779,0.9999
0.2780,1.0000
0.2781,1.0000
0.2782,1.0001
0.2783,0.9998
0.2784,1.0001
0.2785,1.0002
0.2786,0.9999
0.2787,1.0000
0.2788,0.9999
0.2789,1.0000
0.2790,0.9999
0.2791,1.0000
0.2792,1.0001
0.2793,0.9998
0.2794,1.0000
0.2795,1.0002
0.2796,0.9999
0.2797,1.0000
0.2798,1.0000
0.2799,0.9998
0.2800,1.0000
0.2801,1.0000
0.2802,0.9998
0.2803,1.0001
0.2804,1.0000
0.2805,0.9999
0.2806,0.9999
0.2807,0.9999
0.2808,1.0002
0.2809,1.0002
0.2810,1.0000
0.2811,1.0000
0.2812,0.9999
0.2813,1.0000
0.2814,1.0001
0.2815,1.0001
0.2816,1.0002
0.2817,1.0002
0.2818,1.0000
0.2819,1.0000
0.2820,1.0000
0.2821,0.9998
0.2822,0.9999
0.2823,1.0000
0.2824,1.0000
0.2825,0.9998
0.2826,0.9999
0.2827,1.0000
0.2828,0.9999
0.2829,0.9999
0.2830,0.9999
0.2831,1.0000
0.2832,1.0000
0.2833,0.9999
0.2834,1.0000
0.2835,1.0000
0.2836,0.9998
0.2837,0.9999
0.2838,0.9999
0.2839,1.0002
0.2840,1.0001
0.2841,1.0001
0.2842,1.0000
0.2843,1.0000
0.2844,0.9997
0.2845,0.9999
0.2846,1.0000
0.2847,1.0000
0.2848,0.9999
0.2849,1.0000
0.2850,1.0001
0.2851,0.9999
0.2852,1.0000
0.2853,0.9999
0.2854,1.0001
0.2855,0.9999
0.2856,1.0000
0.2857,0.9999
0.2858,1.0001
0.2859,1.0001
0.2860,1.0000
0.2861,1.0000
0.2862,1.0002
0.2863,0.9999
0.2864,1.0001
0.2865,0.9999
0.2866,1.0000
0.2867,1.0000
0.2868,1.0001
0.2869,1.0000
0.2870,1.0000
0.2871,0.9998
0.2872,0.9999
0.2873,1.0000
0.2874,0.9999
0.2875,1.0001
0.2876,1.0000
0.2877,1.0000
0.2878,0.9999
0.2879,0.9997
0.2880,0.9999
0.2881,1.0000
0.2882,0.9998
0.2883,1.0000
0.2884,0.9998
0.2885,1.0000
0.2886,1.0001
0.2887,0.9999
0.2888,0.9999
0.2889,0.9999
0.2890,0.9999
0.2891,1.0001
0.2892,1.0002
0.2893,1.0000
0.2894,0.9999
0.2895,1.0001
0.2896,1.0000
0.2897,1.0000
0.2898,1.0000
0.2899,1.0002
0.2900,0.9999
0.2901,1.0000
0.2902,1.0001
0.2903,1.0000
0.2904,1.0000
0.2905,1.0002
0.2906,1.0000
0.2907,0.9999
0.2908,1.0000
0.2909,1.0001
0.2910,1.0001
0.2911,1.0000
0.2912,1.0000
0.2913,1.0000
0.2914,1.0000
0.2915,1.0001
0.2916,1.0001
0.2917,1.0001
0.2918,1.0001
0.2919,1.0000
0.2920,1.0000
0.2921,0.9999
0.2922,0.9999
0.2923,1.0000
0.2924,0.9999
0.2925,1.0000
0.2926,1.0001
0.2927,1.0000
0.2928,1.0001
0.2929,0.9999
0.2930,0.9999
0.2931,1.0002
0.2932,1.0000
0.2933,1.0001
0.2934,1.0001
0.2935,1.0000
0.2936,1.0000
0.2937,1.0001
0.2938,0.9998
0.2939,1.0000
0.2940,0.9998
0.2941,1.0001
0.2942,1.0000
0.2943,1.0000
0.2944,1.0001
0.2945,0.9999
0.2946,1.0001
0.2947,1.0000
0.2948,1.0001
0.2949,1.0000
0.2950,0.9999
0.2951,1.0001
0.2952,1.0001
0.2953,1.0000
0.2954,1.0000
0.2955,1.0001
0.2956,0.9999
0.2957,1.0000
0.2958,1.0001
0.2959,1.0000
0.2960,1.0000
0.2961,1.0000
0.2962,1.0002
0.2963,1.0001
0.2964,0.9999
0.2965,1.0000
0.2966,1.0000
0.2967,1.0001
0.2968,0.9999
0.2969,1.0000
0.2970,0.9999
0.2971,1.0000
0.2972,1.0002
0.2973,1.0002
0.2974,1.0000
0.2975,0.9999
0.2976,0.9999
0.2977,0.9997
0.2978,1.0000
0.2979,0.9998
0.2980,1.0002
0.2981,0.9999
0.2982,1.0000
0.2983,0.9999
0.2984,1.0000
0.2985,0.9998
0.2986,1.0000
0.2987,1.0000
0.2988,0.9999
0.2989,1.0001
0.2990,0.9999
0.2991,0.9999
0.2992,1.0000
0.2993,1.0000
0.2994,1.0001
0.2995,1.0001
0.2996,1.0000
0.2997,1.0000
0.2998,1.0001
0.2999,0.9999
0.3000,1.0001
0.3001,1.0001
0.3002,1.0000
0.3003,0.9999
0.3004,0.9999
0.3005,1.0000
0.3006,0.9998
0.3007,1.0000
0.3008,1.0002
0.3009,1.0001
0.3010,0.9999
0.3011,1.0000
0.3012,0.9999
0.3013,1.0001
0.3014,1.0001
0.3015,1.0000
0.3016,1.0000
0.3017,1.0001
0.3018,0.9999
0.3019,0.9999
0.3020,1.0000
0.3021,1.0000
0.3022,1.0000
0.3023,1.0000
0.3024,0.9999
0.3025,1.0000
0.3026,1.0001
0.3027,1.0002
0.3028,1.0000
0.3029,1.0002
0.3030,1.0000
0.3031,1.0001
0.3032,1.0000
0.3033,1.0000
0.3034,1.0000
0.3035,1.0000
0.3036,1.0001
0.3037,1.0000
0.3038,1.0001
0.3039,1.0001
0.3040,1.0000
0.3041,0.9999
0.3042,1.0000
0.3043,1.0000
0.3044,1.0000
0.3045,1.0001
0.3046,1.0001
0.3047,0.9999
0.3048,1.0000
0.3049,0.9999
0.3050,0.9999
0.3051,1.0000
0.3052,1.0000
0.3053,1.0002
0.3054,0.9998
0.3055,1.0000
0.3056,1.0001
0.3057,0.9999
0.3058,1.0000
0.3059,1.0000
0.3060,1.0000
0.3061,1.0000
0.3062,1.0000
0.3063,0.9999
0.3064,1.0000
0.3065,1.0000
0.3066,1.0000
0.3067,1.0001
0.3068,1.0000
0.3069,1.0001
0.3070,1.0000
0.3071,1.0001
0.3072,1.0001
0.3073,1.0000
0.3074,1.0000
0.3075,1.0001
0.3076,1.0001
0.3077,1.0000
0.3078,1.0000
0.3079,1.0003
0.3080,0.9999
0.3081,1.0001
0.3082,1.0000
0.3083,1.0000
0.3084,0.9999
0.3085,0.9999
0.3086,1.0002
0.3087,1.0000
0.3088,1.0000
0.3089,1.0000
0.3090,1.0000
0.3091,0.9999
0.3092,1.0001
0.3093,1.0001
0.3094,1.0001
0.3095,1.0000
0.3096,1.0000
0.3097,0.9999
0.3098,1.0002
0.3099,0.9999
0.3100,1.0000
0.3101,1.0000
0.3102,1.0000
0.3103,1.0001
0.3104,1.0000
0.3105,0.9999
0.3106,1.0000
0.3107,1.0000
0.3108,0.9999
0.3109,1.0000
0.3110,1.0002
0.3111,1.0001
0.3112,0.9999
0.3113,1.0000
0.3114,1.0000
0.3115,1.0000
0.3116,0.9998
0.3117,0.9998
0.3118,1.0001
0.3119,0.9998
0.3120,1.0001
0.3121,1.0000
0.3122,0.9998
0.3123,0.9999
0.3124,1.0001
0.3125,1.0001
0.3126,1.0000
0.3127,0.9999
0.3128,1.0000
0.3129,1.0001
0.3130,0.9999
0.3131,1.0000
0.3132,1.0000
0.3133,1.0002
0.3134,1.0000
0.3135,0.9999
0.3136,0.9999
0.3137,1.0001
0.3138,1.0001
0.3139,1.0001
0.3140,1.0000
0.3141,1.0000
0.3142,1.0001
0.3143,0.9999
0.3144,1.0001
0.3145,1.0001
0.3146,1.0001
0.3147,0.9998
0.3148,0.9999
0.3149,0.9999
0.3150,0.9999
0.3151,1.0002
0.3152,1.0000
0.3153,0.9998
0.3154,1.0000
0.3155,1.0000
0.3156,1.0000
0.3157,1.0000
0.3158,0.9999
0.3159,0.9999
0.3160,1.0000
0.3161,0.9999
0.3162,0.9999
0.3163,1.0001
0.3164,1.0000
0.3165,1.0000
0.3166,1.0001
0.3167,0.9999
0.3168,1.0001
0.3169,1.0001
0.3170,1.0000
0.3171,0.9999
0.3172,1.0000
0.3173,1.0000
0.3174,0.9999
0.3175,1.0000
0.3176,1.0000
0.3177,1.0000
0.3178,1.0000
0.3179,0.9999
0.3180,1.0000
0.3181,1.0000
0.3182,1.0000
0.3183,1.0000
0.3184,1.0000
0.3185,1.0000
0.3186,0.9999
0.3187,0.9999
0.3188,0.9999
0.3189,1.0001
0.3190,1.0000
0.3191,1.0001
0.3192,0.9999
0.3193,1.0000
0.3194,1.0000
0.3195,1.0002
0.3196,0.9999
0.3197,1.0000
0.3198,0.9999
0.3199,1.0000
0.3200,1.0000
0.3201,0.9999
0.3202,0.9999
0.3203,0.9999
0.3204,1.0001
0.3205,1.0001
0.3206,1.0001
0.3207,0.9999
0.3208,0.9999
0.3209,0.9999
0.3210,0.9999
0.3211,1.0000
0.3212,1.0001
0.3213,1.0000
0.3214,1.0000
0.3215,0.9999
0.3216,1.0000
0.3217,1.0000
0.3218,0.9999
0.3219,0.9999
0.3220,1.0001
0.3221,1.0000
0.3222,1.0000
0.3223,1.0000
0.3224,0.9999
0.3225,1.0000
0.3226,0.9999
0.3227,0.9999
0.3228,0.9999
0.3229,1.0002
0.3230,0.9999
0.3231,1.0002
0.3232,1.0000
0.3233,1.0000
0.3234,1.0002
0.3235,0.9999
0.3236,0.9998
0.3237,1.0000
0.3238,1.0000
0.3239,1.0000
0.3240,1.0003
0.3241,1.0001
0.3242,1.0002
0.3243,1.0001
0.3244,1.0001
0.3245,1.0002
0.3246,1.0000
0.3247,1.0000
0.3248,1.0001
0.3249,1.0000
0.3250,1.0001
0.3251,1.0000
0.3252,1.0000
0.3253,0.9999
0.3254,1.0000
0.3255,1.0000
0.3256,0.9999
0.3257,0.9999
0.3258,1.0000
0.3259,1.0000
0.3260,1.0000
0.3261,0.9999
0.3262,1.0000
0.3263,1.0000
0.3264,0.9999
0.3265,0.9999
0.3266,0.9999
0.3267,1.0000
0.3268,0.9999
0.3269,1.0001
0.3270,0.9999
0.3271,1.0001
0.3272,1.0000
0.3273,1.0002
0.3274,1.0001
0.3275,1.0001
0.3276,1.0000
0.3277,0.9998
0.3278,1.0001
0.3279,1.0000
0.3280,1.0001
0.3281,1.0000
0.3282,1.0000
0.3283,1.0002
0.3284,0.9999
0.3285,1.0001
0.3286,1.0000
0.3287,1.0000
0.3288,0.9999
0.3289,0.9999
0.3290,1.0000
0.3291,1.0001
0.3292,0.9998
0.3293,0.9997
0.3294,0.9999
0.3295,1.0000
0.3296,1.0000
0.3297,1.0000
0.3298,1.0000
0.3299,1.0001
0.3300,0.9999
0.3301,0.9999
0.3302,1.0001
0.3303,1.0001
0.3304,0.9999
0.3305,1.0000
0.3306,0.9999
0.3307,1.0001
0.3308,1.0000
0.3309,0.9999
0.3310,1.0001
0.3311,1.0001
0.3312,0.9999
0.3313,0.9999
0.3314,1.0002
0.3315,0.9999
0.3316,1.0000
0.3317,0.9999
0.3318,1.0000
0.3319,1.0001
0.3320,0.9999
0.3321,1.0003
0.3322,1.0000
0.3323,1.0000
0.3324,0.9999
0.3325,1.0001
0.3326,1.0002
0.3327,1.0000
0.3328,0.9998
0.3329,0.9999
0.3330,0.9999
0.3331,1.0001
0.3332,0.9999
0.3333,1.0000
0.3334,1.0001
0.3335,1.0001
0.3336,1.0000
0.3337,1.0000
0.3338,0.9999
0.3339,1.0000
0.3340,1.0000
0.3341,1.0000
0.3342,1.0000
0.3343,1.0000
0.3344,0.9999
0.3345,1.0001
0.3346,1.0000
0.3347,1.0001
0.3348,0.9999
0.3349,1.0000
0.3350,0.9999
0.3351,1.0000
0.3352,1.0000
0.3353,1.0001
0.3354,0.9999
0.3355,1.0001
0.3356,0.9999
0.3357,1.0000
0.3358,1.0000
0.3359,1.0000
0.3360,1.0001
0.3361,1.0001
0.3362,1.0000
0.3363,1.0000
0.3364,1.0000
0.3365,1.0001
0.3366,1.0001
0.3367,1.0000
0.3368,1.0000
0.3369,1.0001
0.3370,1.0000
0.3371,1.0001
0.3372,0.9999
0.3373,1.0000
0.3374,1.0001
0.3375,1.0001
0.3376,1.0001
0.3377,1.0000
0.3378,1.0001
0.3379,0.9999
0.3380,1.0001
0.3381,1.0000
0.3382,1.0001
0.3383,1.0001
0.3384,1.0000
0.3385,1.0000
0.3386,0.9998
0.3387,1.0001
0.3388,0.9999
0.3389,0.9998
0.3390,1.0001
0.3391,0.9999
0.3392,0.9999
0.3393,0.9999
0.3394,1.0001
0.3395,1.0000
0.3396,1.0001
0.3397,0.9999
0.3398,1.0000
0.3399,1.0000
0.3400,0.9999
0.3401,1.0001
0.3402,0.9999
0.3403,0.9999
0.3404,1.0000
0.3405,0.9999
0.3406,0.9999
0.3407,0.9999
0.3408,0.9998
0.3409,0.9999
0.3410,0.9999
0.3411,1.0000
0.3412,1.0000
0.3413,1.0000
0.3414,1.0002
0.3415,1.0000
0.3416,0.9999
0.3417,0.9999
0.3418,0.9999
0.3419,1.0001
0.3420,0.9999
0.3421,1.0000
0.3422,1.0000
0.3423,0.9999
0.3424,0.9999
0.3425,1.0000
0.3426,1.0000
0.3427,1.0000
0.3428,1.0000
0.3429,1.0000
0.3430,0.9999
0.3431,1.0000
0.3432,0.9999
0.3433,1.0001
0.3434,1.0000
0.3435,1.0001
0.3436,0.9997
0.3437,1.0000
0.3438,1.0001
0.3439,1.0000
0.3440,1.0001
0.3441,1.0001
0.3442,1.0001
0.3443,0.9999
0.3444,1.0001
0.3445,0.9999
0.3446,1.0001
0.3447,0.9999
0.3448,0.9999
0.3449,1.0002
0.3450,1.0001
0.3451,1.0001
0.3452,1.0000
0.3453,1.0002
0.3454,1.0001
0.3455,0.9999
0.3456,0.9999
0.3457,0.9999
0.3458,0.9999
0.3459,1.0001
0.3460,1.0000
0.3461,1.0000
0.3462,1.0000
0.3463,1.0000
0.3464,0.9998
0.3465,1.0000
0.3466,1.0000
0.3467,1.0001
0.3468,1.0000
0.3469,1.0001
0.3470,1.0000
0.3471,1.0000
0.3472,1.0001
0.3473,0.9999
0.3474,0.9999
0.3475,0.9999
0.3476,0.9999
0.3477,0.9998
0.3478,0.9999
0.3479,1.0000
0.3480,1.0000
0.3481,0.9999
0.3482,0.9999
0.3483,1.0000
0.3484,1.0000
0.3485,1.0000
0.3486,1.0001
0.3487,1.0001
0.3488,0.9999
0.3489,1.0001
0.3490,1.0000
0.3491,1.0000
0.3492,1.0000
0.3493,1.0000
0.3494,1.0000
0.3495,1.0001
0.3496,1.0000
0.3497,0.9999
0.3498,0.9998
0.3499,0.9998
0.3500,0.9998
0.3501,1.0000
0.3502,1.0001
0.3503,1.0000
0.3504,0.9999
0.3505,0.9999
0.3506,0.9999
0.3507,1.0002
0.3508,1.0000
0.3509,1.0000
0.3510,1.0001
0.3511,1.0000
0.3512,1.0000
0.3513,0.9999
0.3514,1.0002
0.3515,1.0002
0.3516,1.0001
0.3517,0.9999
0.3518,1.0000
0.3519,0.9999
0.3520,0.9998
0.3521,0.9998
0.3522,1.0000
0.3523,1.0000
0.3524,1.0000
0.3525,1.0001
0.3526,1.0001
0.3527,1.0000
0.3528,1.0000
0.3529,0.9998
0.3530,1.0000
0.3531,1.0000
0.3532,1.0001
0.3533,1.0001
0.3534,1.0000
0.3535,1.0001
0.3536,1.0001
0.3537,1.0000
0.3538,1.0001
0.3539,1.0000
0.3540,1.0001
0.3541,0.9999
0.3542,1.0000
0.3543,1.0000
0.3544,1.0000
0.3545,1.0001
0.3546,1.0000
0.3547,0.9999
0.3548,1.0000
0.3549,1.0001
0.3550,1.0001
0.3551,1.0000
0.3552,1.0002
0.3553,0.9999
0.3554,1.0000
0.3555,1.0001
0.3556,1.0000
0.3557,0.9999
0.3558,0.9999
0.3559,0.9999
0.3560,0.9999
0.3561,1.0000
0.3562,1.0000
0.3563,1.0000
0.3564,1.0002
0.3565,1.0002
0.3566,0.9999
0.3567,0.9999
0.3568,0.9999
0.3569,0.9998
0.3570,1.0001
0.3571,1.0001
0.3572,1.0001
0.3573,1.0000
0.3574,1.0000
0.3575,0.9999
0.3576,1.0001
0.3577,1.0000
0.3578,1.0002
0.3579,1.0000
0.3580,1.0000
0.3581,1.0000
0.3582,1.0000
0.3583,0.9998
0.3584,1.0000
0.3585,1.0000
0.3586,1.0000
0.3587,1.0001
0.3588,0.9999
0.3589,1.0000
0.3590,0.9999
0.3591,1.0000
0.3592,1.0001
0.3593,1.0000
0.3594,1.0000
0.3595,1.0001
0.3596,1.0000
0.3597,1.0000
0.3598,1.0000
0.3599,1.0001
0.3600,0.9999
0.3601,0.9998
0.3602,1.0001
0.3603,0.9999
0.3604,1.0000
0.3605,1.0001
0.3606,0.9999
0.3607,1.0001
0.3608,0.9999
0.3609,0.9999
0.3610,1.0001
0.3611,0.9999
0.3612,1.0000
0.3613,1.0001
0.3614,1.0000
0.3615,0.9998
0.3616,1.0000
0.3617,0.9999
0.3618,1.0000
0.3619,1.0000
0.3620,1.0001
0.3621,0.9999
0.3622,1.0001
0.3623,1.0001
0.3624,0.9998
0.3625,1.0000
0.3626,1.0001
0.3627,1.0001
0.3628,1.0000
0.3629,1.0000
0.3630,1.0001
0.3631,1.0000
0.3632,0.9998
0.3633,1.0000
0.3634,1.0000
0.3635,1.0001
0.3636,0.9999
0.3637,0.9999
0.3638,1.0001
0.3639,1.0001
0.3640,1.0001
0.3641,0.9999
0.3642,1.0000
0.3643,0.9998
0.3644,1.0000
0.3645,1.0001
0.3646,0.9999
0.3647,1.0002
0.3648,1.0001
0.3649,1.0002
0.3650,1.0002
0.3651,1.0001
0.3652,1.0000
0.3653,1.0000
0.3654,1.0001
0.3655,1.0001
0.3656,0.9999
0.3657,1.0000
0.3658,1.0000
0.3659,1.0001
0.3660,1.0001
0.3661,1.0000
0.3662,1.0000
0.3663,1.0001
0.3664,1.0001
0.3665,1.0001
0.3666,1.0000
0.3667,0.9999
0.3668,0.9999
0.3669,1.0001
0.3670,1.0000
0.3671,1.0002
0.3672,1.0000
0.3673,1.0001
0.3674,1.0000
0.3675,1.0001
0.3676,0.9999
0.3677,0.9999
0.3678,1.0000
0.3679,1.0000
0.3680,1.0000
0.3681,1.0000
0.3682,1.0000
0.3683,0.9999
0.3684,1.0002
0.3685,1.0000
0.3686,1.0000
0.3687,1.0002
0.3688,0.9999
0.3689,0.9999
0.3690,1.0000
0.3691,0.9999
0.3692,0.9998
0.3693,1.0001
0.3694,0.9998
0.3695,1.0000
0.3696,1.0001
0.3697,1.0001
0.3698,1.0000
0.3699,0.9998
0.3700,1.0000
0.3701,0.9999
0.3702,0.9999
0.3703,1.0000
0.3704,1.0000
0.3705,1.0001
0.3706,1.0000
0.3707,1.0000
0.3708,1.0000
0.3709,1.0001
0.3710,1.0000
0.3711,1.0001
0.3712,1.0000
0.3713,1.0000
0.3714,1.0000
0.3715,1.0002
0.3716,1.0000
0.3717,1.0001
0.3718,1.0000
0.3719,1.0001
0.3720,1.0000
0.3721,1.0000
0.3722,1.0001
0.3723,0.9999
0.3724,1.0000
0.3725,1.0001
0.3726,1.0001
0.3727,1.0001
0.3728,1.0000
0.3729,0.9999
0.3730,0.9999
0.3731,0.9999
0.3732,1.0000
0.3733,0.9999
0.3734,0.9998
0.3735,1.0002
0.3736,1.0001
0.3737,1.0001
0.3738,1.0000
0.3739,1.0002
0.3740,1.0000
0.3741,1.0001
0.3742,1.0000
0.3743,1.0000
0.3744,1.0001
0.3745,0.9999
0.3746,1.0002
0.3747,0.9999
0.3748,0.9998
0.3749,0.9998
0.3750,1.0001
0.3751,0.9999
0.3752,1.0000
0.3753,0.9999
0.3754,1.0001
0.3755,0.9999
0.3756,1.0000
0.3757,1.0000
0.3758,0.9999
0.3759,1.0001
0.3760,0.9998
0.3761,1.0000
0.3762,0.9998
0.3763,0.9999
0.3764,0.9999
0.3765,1.0000
0.3766,0.9998
0.3767,1.0001
0.3768,1.0000
0.3769,1.0001
0.3770,1.0001
0.3771,1.0000
0.3772,1.0000
0.3773,1.0002
0.3774,1.0000
0.3775,1.0001
0.3776,0.9998
0.3777,0.9999
0.3778,1.0001
0.3779,1.0000
0.3780,1.0001
0.3781,0.9999
0.3782,1.0000
0.3783,1.0000
0.3784,0.9999
0.3785,1.0000
0.3786,1.0000
0.3787,0.9999
0.3788,1.0000
0.3789,1.0002
0.3790,1.0000
0.3791,1.0001
0.3792,1.0000
0.3793,0.9999
0.3794,1.0001
0.3795,0.9999
0.3796,0.9999
0.3797,1.0002
0.3798,1.0001
0.3799,0.9999
0.3800,1.0001
0.3801,1.0001
0.3802,0.9999
0.3803,1.0000
0.3804,1.0000
0.3805,0.9999
0.3806,1.0000
0.3807,1.0000
0.3808,1.0000
0.3809,1.0000
0.3810,1.0002
0.3811,1.0001
0.3812,1.0002
0.3813,1.0000
0.3814,0.9999
0.3815,1.0000
0.3816,1.0001
0.3817,1.0001
0.3818,1.0000
0.3819,0.9999
0.3820,0.9998
0.3821,1.0000
0.3822,1.0001
0.3823,0.9999
0.3824,1.0000
0.3825,0.9999
0.3826,1.0002
0.3827,0.9999
0.3828,1.0000
0.3829,0.9999
0.3830,1.0000
0.3831,1.0001
0.3832,0.9999
0.3833,0.9999
0.3834,1.0003
0.3835,0.9999
0.3836,1.0001
0.3837,1.0001
0.3838,1.0000
0.3839,1.0001
0.3840,1.0002
0.3841,0.9999
0.3842,1.0000
0.3843,1.0001
0.3844,0.9999
0.3845,1.0000
0.3846,0.9999
0.3847,0.9999
0.3848,0.9999
0.3849,1.0000
0.3850,1.0000
0.3851,1.0000
0.3852,0.9999
0.3853,1.0000
0.3854,1.0001
0.3855,1.0001
0.3856,1.0000
0.3857,1.0001
0.3858,1.0001
0.3859,1.0002
0.3860,1.0001
0.3861,1.0000
0.3862,1.0001
0.3863,1.0000
0.3864,1.0001
0.3865,1.0000
0.3866,1.0001
0.3867,1.0000
0.3868,1.0000
0.3869,1.0001
0.3870,1.0000
0.3871,1.0001
0.3872,1.0001
0.3873,0.9998
0.3874,0.9999
0.3875,1.0000
0.3876,1.0000
0.3877,0.9999
0.3878,1.0001
0.3879,1.0001
0.3880,0.9999
0.3881,1.0000
0.3882,1.0000
0.3883,1.0003
0.3884,1.0000
0.3885,0.9999
0.3886,0.9998
0.3887,0.9999
0.3888,0.9999
0.3889,0.9997
0.3890,1.0000
0.3891,1.0000
0.3892,1.0000
0.3893,1.0000
0.3894,0.9998
0.3895,1.0002
0.3896,0.9999
0.3897,1.0000
0.3898,1.0001
0.3899,1.0001
0.3900,1.0000
0.3901,1.0001
0.3902,0.9999
0.3903,1.0001
0.3904,1.0001
0.3905,1.0002
0.3906,1.0000
0.3907,1.0000
0.3908,1.0000
0.3909,1.0001
0.3910,1.0000
0.3911,1.0001
0.3912,1.0000
0.3913,1.0001
0.3914,1.0001
0.3915,0.9999
0.3916,1.0000
0.3917,1.0000
0.3918,1.0001
0.3919,1.0002
0.3920,1.0001
0.3921,1.0000
0.3922,1.0000
0.3923,1.0001
0.3924,1.0000
0.3925,1.0000
0.3926,0.9999
0.3927,1.0000
0.3928,1.0000
0.3929,1.0002
0.3930,1.0000
0.3931,0.9999
0.3932,1.0001
0.3933,1.0001
0.3934,1.0001
0.3935,1.0001
0.3936,0.9999
0.3937,1.0000
0.3938,0.9999
0.3939,1.0002
0.3940,1.0000
0.3941,1.0002
0.3942,1.0000
0.3943,0.9998
0.3944,1.0001
0.3945,1.0001
0.3946,0.9999
0.3947,0.9999
0.3948,1.0001
0.3949,1.0000
0.3950,0.9999
0.3951,0.9999
0.3952,1.0000
0.3953,1.0000
0.3954,0.9999
0.3955,1.0001
0.3956,1.0002
0.3957,1.0000
0.3958,1.0000
0.3959,1.0000
0.3960,1.0001
0.3961,1.0000
0.3962,1.0000
0.3963,1.0000
0.3964,1.0000
0.3965,1.0000
0.3966,0.9998
0.3967,0.9998
0.3968,1.0001
0.3969,0.9998
0.3970,0.9999
0.3971,0.9997
0.3972,1.0001
0.3973,0.9999
0.3974,0.9999
0.3975,1.0000
0.3976,0.9999
0.3977,1.0000
0.3978,1.0001
0.3979,0.9999
0.3980,1.0001
0.3981,1.0001
0.3982,0.9999
0.3983,0.9999
0.3984,1.0000
0.3985,1.0000
0.3986,0.9999
0.3987,1.0000
0.3988,1.0001
0.3989,1.0000
0.3990,1.0000
0.3991,1.0001
0.3992,1.0001
0.3993,1.0000
0.3994,0.9999
0.3995,1.0001
0.3996,1.0000
0.3997,0.9999
0.3998,1.0000
0.3999,0.9998
0.4000,1.0000
0.4001,1.0000
0.4002,1.0000
0.4003,1.0000
0.4004,1.0000
0.4005,1.0000
0.4006,1.0001
0.4007,1.0001
0.4008,0.9999
0.4009,1.0001
0.4010,1.0001
0.4011,1.0000
0.4012,1.0001
0.4013,1.0001
0.4014,1.0000
0.4015,1.0000
0.4016,1.0000
0.4017,0.9998
0.4018,1.0000
0.4019,1.0000
0.4020,1.0000
0.4021,0.9999
0.4022,1.0001
0.4023,0.9998
0.4024,1.0000
0.4025,0.9998
0.4026,1.0001
0.4027,1.0002
0.4028,1.0000
0.4029,0.9999
0.4030,1.0000
0.4031,1.0000
0.4032,1.0000
0.4033,1.0000
0.4034,1.0000
0.4035,0.9999
0.4036,1.0003
0.4037,1.0001
0.4038,0.9999
0.4039,1.0001
0.4040,1.0000
0.4041,1.0000
0.4042,1.0001
0.4043,1.0000
0.4044,0.9999
0.4045,1.0001
0.4046,1.0001
0.4047,1.0000
0.4048,1.0001
0.4049,0.9999
0.4050,1.0000
0.4051,1.0002
0.4052,1.0000
0.4053,1.0000
0.4054,1.0001
0.4055,1.0002
0.4056,1.0000
0.4057,0.9999
0.4058,1.0001
0.4059,1.0000
0.4060,1.0001
0.4061,1.0001
0.4062,1.0000
0.4063,0.9999
0.4064,0.9999
0.4065,0.9999
0.4066,1.0000
0.4067,1.0000
0.4068,1.0001
0.4069,1.0000
0.4070,1.0001
0.4071,1.0000
0.4072,1.0000
0.4073,1.0001
0.4074,1.0002
0.4075,1.0001
0.4076,1.0000
0.4077,1.0000
0.4078,1.0000
0.4079,1.0000
0.4080,1.0001
0.4081,0.9999
0.4082,0.9999
0.4083,1.0000
0.4084,1.0000
0.4085,0.9998
0.4086,1.0001
0.4087,0.9999
0.4088,0.9998
0.4089,1.0000
0.4090,1.0001
0.4091,1.0001
0.4092,1.0002
0.4093,0.9999
0.4094,1.0000
0.4095,1.0000
0.4096,1.0000
0.4097,1.0001
0.4098,1.0001
0.4099,0.9998
0.4100,1.0000
0.4101,1.0000
0.4102,1.0000
0.4103,1.0000
0.4104,1.0001
0.4105,1.0000
0.4106,1.0000
0.4107,1.0000
0.4108,0.9999
0.4109,1.0000
0.4110,0.9999
0.4111,0.9999
0.4112,1.0000
0.4113,1.0000
0.4114,0.9999
0.4115,1.0001
0.4116,0.9999
0.4117,1.0002
0.4118,1.0001
0.4119,0.9999
0.4120,1.0001
0.4121,0.9999
0.4122,0.9999
0.4123,1.0000
0.4124,0.9999
0.4125,1.0000
0.4126,1.0000
0.4127,0.9999
0.4128,0.9999
0.4129,0.9999
0.4130,1.0000
0.4131,0.9999
0.4132,1.0001
0.4133,1.0002
0.4134,1.0001
0.4135,1.0001
0.4136,1.0000
0.4137,1.0000
0.4138,1.0000
0.4139,0.9999
0.4140,0.9999
0.4141,1.0001
0.4142,1.0000
0.4143,0.9999
0.4144,1.0000
0.4145,1.0000
0.4146,1.0001
0.4147,1.0000
0.4148,1.0002
0.4149,1.0001
0.4150,1.0000
0.4151,0.9999
0.4152,1.0000
0.4153,1.0000
0.4154,1.0000
0.4155,0.9999
0.4156,1.0001
0.4157,0.9996
0.4158,1.0001
0.4159,1.0001
0.4160,0.9999
0.4161,1.0000
0.4162,1.0000
0.4163,0.9999
0.4164,0.9999
0.4165,1.0001
0.4166,1.0000
0.4167,1.0002
0.4168,1.0000
0.4169,1.0002
0.4170,1.0000
0.4171,0.9999
0.4172,0.9999
0.4173,1.0001
0.4174,1.0001
0.4175,1.0000
0.4176,1.0000
0.4177,1.0000
0.4178,1.0001
0.4179,1.0001
0.4180,1.0001
0.4181,1.0001
0.4182,1.0000
0.4183,1.0001
0.4184,1.0000
0.4185,1.0000
0.4186,1.0000
0.4187,1.0003
0.4188,1.0000
0.4189,1.0001
0.4190,0.9999
0.4191,0.9999
0.4192,1.0001
0.4193,0.9999
0.4194,1.0000
0.4195,0.9999
0.4196,0.9999
0.4197,1.0000
0.4198,0.9999
0.4199,1.0001
0.4200,0.9999
0.4201,1.0000
0.4202,1.0000
0.4203,0.9999
0.4204,1.0000
0.4205,1.0000
0.4206,1.0000
0.4207,0.9999
0.4208,1.0000
0.4209,1.0001
0.4210,1.0001
0.4211,1.0001
0.4212,1.0001
0.4213,0.9999
0.4214,1.0001
0.4215,1.0000
0.4216,1.0000
0.4217,1.0000
0.4218,0.9999
0.4219,1.0001
0.4220,1.0001
0.4221,0.9999
0.4222,1.0000
0.4223,1.0000
0.4224,0.9999
0.4225,1.0002
0.4226,1.0001
0.4227,1.0000
0.4228,0.9998
0.4229,0.9999
0.4230,0.9999
0.4231,0.9999
0.4232,1.0001
0.4233,1.0000
0.4234,1.0001
0.4235,0.9999
0.4236,1.0001
0.4237,0.9999
0.4238,1.0000
0.4239,1.0003
0.4240,1.0001
0.4241,1.0000
0.4242,1.0000
0.4243,1.0001
0.4244,1.0000
0.4245,1.0002
0.4246,1.0000
0.4247,1.0000
0.4248,1.0000
0.4249,0.9999
0.4250,1.0000
0.4251,1.0000
0.4252,0.9999
0.4253,0.9999
0.4254,0.9999
0.4255,1.0001
0.4256,0.9998
0.4257,1.0000
0.4258,1.0001
0.4259,1.0001
0.4260,0.9999
0.4261,0.9999
0.4262,1.0001
0.4263,1.0000
0.4264,1.0000
0.4265,1.0000
0.4266,1.0000
0.4267,1.0000
0.4268,0.9998
0.4269,1.0000
0.4270,0.9999
0.4271,1.0000
0.4272,1.0001
0.4273,0.9999
0.4274,0.9999
0.4275,0.9999
0.4276,1.0001
0.4277,0.9998
0.4278,0.9999
0.4279,1.0000
0.4280,1.0000
0.4281,0.9999
0.4282,1.0001
0.4283,1.0000
0.4284,1.0001
0.4285,0.9999
0.4286,1.0001
0.4287,0.9999
0.4288,1.0000
0.4289,0.9999
0.4290,1.0002
0.4291,1.0000
0.4292,1.0000
0.4293,1.0003
0.4294,1.0001
0.4295,1.0001
0.4296,1.0001
0.4297,1.0000
0.4298,1.0000
0.4299,1.0001
0.4300,0.9999
0.4301,0.9999
0.4302,1.0002
0.4303,0.9999
0.4304,0.9999
0.4305,1.0001
0.4306,1.0000
0.4307,0.9999
0.4308,0.9999
0.4309,1.0000
0.4310,1.0001
0.4311,1.0000
0.4312,1.0000
0.4313,1.0001
0.4314,1.0000
0.4315,1.0001
0.4316,0.9999
0.4317,1.0000
0.4318,1.0001
0.4319,1.0001
0.4320,1.0000
0.4321,0.9999
0.4322,1.0001
0.4323,1.0000
0.4324,1.0001
0.4325,1.0000
0.4326,1.0001
0.4327,0.9998
0.4328,0.9999
0.4329,1.0000
0.4330,0.9999
0.4331,0.9998
0.4332,0.9999
0.4333,1.0001
0.4334,1.0001
0.4335,1.0001
0.4336,0.9998
0.4337,0.9999
0.4338,1.0003
0.4339,1.0002
0.4340,1.0001
0.4341,0.9999
0.4342,1.0000
0.4343,1.0000
0.4344,1.0001
0.4345,1.0002
0.4346,0.9999
0.4347,1.0000
0.4348,1.0001
0.4349,0.9999
0.4350,1.0000
0.4351,0.9999
0.4352,0.9999
0.4353,0.9998
0.4354,1.0000
0.4355,1.0000
0.4356,0.9999
0.4357,1.0001
0.4358,0.9999
0.4359,0.9999
0.4360,0.9999
0.4361,1.0000
0.4362,1.0000
0.4363,1.0001
0.4364,0.9999
0.4365,0.9999
0.4366,1.0002
0.4367,1.0001
0.4368,1.0000
0.4369,1.0000
0.4370,0.9999
0.4371,0.9999
0.4372,1.0000
0.4373,0.9999
0.4374,0.9999
0.4375,0.9999
0.4376,1.0001
0.4377,0.9999
0.4378,1.0000
0.4379,1.0000
0.4380,1.0001
0.4381,1.0001
0.4382,0.9999
0.4383,1.0001
0.4384,1.0000
0.4385,0.9999
0.4386,1.0000
0.4387,1.0000
0.4388,1.0000
0.4389,1.0001
0.4390,1.0001
0.4391,1.0000
0.4392,1.0000
0.4393,1.0002
0.4394,0.9999
0.4395,1.0000
0.4396,0.9999
0.4397,1.0001
0.4398,0.9999
0.4399,1.0001
0.4400,1.0000
0.4401,0.9998
0.4402,1.0000
0.4403,0.9999
0.4404,1.0000
0.4405,0.9999
0.4406,0.9999
0.4407,1.0001
0.4408,1.0000
0.4409,1.0000
0.4410,1.0000
0.4411,0.9998
0.4412,0.9999
0.4413,1.0000
0.4414,1.0000
0.4415,1.0000
0.4416,1.0001
0.4417,1.0002
0.4418,1.0000
0.4419,1.0001
0.4420,1.0000
0.4421,1.0001
0.4422,0.9999
0.4423,1.0001
0.4424,0.9999
0.4425,1.0001
0.4426,0.9999
0.4427,1.0001
0.4428,1.0000
0.4429,1.0001
0.4430,1.0000
0.4431,1.0001
0.4432,1.0002
0.4433,1.0001
0.4434,1.0001
0.4435,1.0000
0.4436,1.0002
0.4437,1.0001
0.4438,1.0000
0.4439,1.0000
0.4440,1.0000
0.4441,1.0002
0.4442,0.9999
0.4443,0.9998
0.4444,0.9999
0.4445,0.9999
0.4446,0.9999
0.4447,1.0000
0.4448,1.0001
0.4449,0.9999
0.4450,0.9999
0.4451,1.0001
0.4452,1.0002
0.4453,1.0001
0.4454,1.0001
0.4455,1.0000
0.4456,1.0000
0.4457,1.0001
0.4458,1.0000
0.4459,1.0000
0.4460,1.0001
0.4461,0.9999
0.4462,0.9999
0.4463,1.0000
0.4464,1.0000
0.4465,0.9998
0.4466,0.9999
0.4467,1.0001
0.4468,1.0002
0.4469,1.0000
0.4470,1.0001
0.4471,1.0001
0.4472,1.0000
0.4473,1.0001
0.4474,0.9999
0.4475,1.0000
0.4476,1.0000
0.4477,1.0000
0.4478,1.0000
0.4479,1.0001
0.4480,1.0000
0.4481,1.0000
0.4482,1.0000
0.4483,1.0000
0.4484,1.0000
0.4485,0.9999
0.4486,1.0000
0.4487,1.0000
0.4488,1.0000
0.4489,1.0001
0.4490,1.0000
0.4491,1.0002
0.4492,0.9999
0.4493,0.9999
0.4494,1.0000
0.4495,1.0000
0.4496,0.9999
0.4497,1.0001
0.4498,0.9999
0.4499,1.0000
0.4500,1.0000
0.4501,1.0000
0.4502,1.0000
0.4503,1.0000
0.4504,1.0001
0.4505,1.0000
0.4506,1.0001
0.4507,1.0000
0.4508,0.9999
0.4509,1.0000
0.4510,0.9999
0.4511,0.9999
0.4512,1.0001
0.4513,1.0000
0.4514,1.0001
0.4515,0.9998
0.4516,1.0001
0.4517,0.9999
0.4518,0.9999
0.4519,1.0001
0.4520,0.9998
0.4521,1.0000
0.4522,0.9999
0.4523,1.0000
0.4524,1.0001
0.4525,1.0000
0.4526,0.9999
0.4527,1.0000
0.4528,0.9998
0.4529,1.0001
0.4530,1.0000
0.4531,0.9999
0.4532,1.0000
0.4533,1.0000
0.4534,1.0000
0.4535,0.9998
0.4536,1.0000
0.4537,1.0000
0.4538,1.0000
0.4539,1.0000
0.4540,1.0001
0.4541,0.9999
0.4542,1.0000
0.4543,0.9998
0.4544,1.0000
0.4545,1.0001
0.4546,1.0000
0.4547,0.9999
0.4548,1.0000
0.4549,1.0001
0.4550,1.0000
0.4551,1.0000
0.4552,1.0000
0.4553,1.0001
0.4554,1.0000
0.4555,1.0001
0.4556,1.0000
0.4557,0.9999
0.4558,1.0000
0.4559,1.0001
0.4560,1.0000
0.4561,1.0000
0.4562,0.9998
0.4563,1.0000
0.4564,1.0000
0.4565,1.0001
0.4566,1.0000
0.4567,1.0001
0.4568,1.0001
0.4569,1.0000
0.4570,1.0001
0.4571,0.9999
0.4572,0.9999
0.4573,0.9998
0.4574,1.0000
0.4575,1.0000
0.4576,1.0001
0.4577,1.0001
0.4578,1.0000
0.4579,0.9998
0.4580,1.0001
0.4581,0.9999
0.4582,1.0000
0.4583,1.0001
0.4584,0.9999
0.4585,0.9999
0.4586,1.0001
0.4587,1.0000
0.4588,1.0001
0.4589,1.0001
0.4590,0.9998
0.4591,0.9999
0.4592,1.0001
0.4593,1.0000
0.4594,0.9999
0.4595,1.0000
0.4596,0.9999
0.4597,0.9999
0.4598,1.0000
0.4599,0.9999
0.4600,0.9999
0.4601,1.0000
0.4602,0.9999
0.4603,0.9999
0.4604,0.9999
0.4605,1.0001
0.4606,1.0000
0.4607,1.0000
0.4608,0.9999
0.4609,1.0001
0.4610,0.9998
0.4611,0.9999
0.4612,1.0000
0.4613,1.0001
0.4614,1.0000
0.4615,0.9998
0.4616,1.0002
0.4617,1.0003
0.4618,1.0002
0.4619,1.0000
0.4620,1.0000
0.4621,0.9997
0.4622,1.0000
0.4623,1.0000
0.4624,1.0001
0.4625,0.9999
0.4626,0.9999
0.4627,1.0001
0.4628,1.0001
0.4629,1.0000
0.4630,0.9999
0.4631,1.0000
0.4632,0.9997
0.4633,0.9999
0.4634,1.0001
0.4635,1.0000
0.4636,1.0000
0.4637,0.9999
0.4638,1.0000
0.4639,1.0000
0.4640,0.9999
0.4641,0.9999
0.4642,1.0000
0.4643,1.0000
0.4644,1.0001
0.4645,0.9999
0.4646,1.0000
0.4647,0.9999
0.4648,1.0000
0.4649,1.0001
0.4650,1.0002
0.4651,1.0001
0.4652,1.0001
0.4653,0.9999
0.4654,0.9999
0.4655,1.0000
0.4656,1.0001
0.4657,0.9999
0.4658,1.0000
0.4659,0.9999
0.4660,0.9999
0.4661,0.9998
0.4662,1.0000
0.4663,0.9999
0.4664,0.9999
0.4665,1.0001
0.4666,0.9999
0.4667,0.9999
0.4668,1.0001
0.4669,1.0000
0.4670,1.0000
0.4671,1.0001
0.4672,1.0001
0.4673,1.0000
0.4674,1.0002
0.4675,0.9999
0.4676,0.9999
0.4677,0.9999
0.4678,1.0001
0.4679,1.0000
0.4680,1.0001
0.4681,1.0001
0.4682,1.0001
0.4683,1.0000
0.4684,1.0002
0.4685,1.0001
0.4686,1.0001
0.4687,0.9999
0.4688,0.9999
0.4689,1.0001
0.4690,0.9999
0.4691,0.9998
0.4692,1.0001
0.4693,1.0000
0.4694,1.0000
0.4695,1.0002
0.4696,0.9999
0.4697,0.9999
0.4698,1.0002
0.4699,0.9999
0.4700,0.9999
0.4701,0.9999
0.4702,1.0000
0.4703,1.0000
0.4704,0.9999
0.4705,1.0000
0.4706,0.9999
0.4707,1.0001
0.4708,1.0001
0.4709,1.0000
0.4710,1.0000
0.4711,0.9999
0.4712,1.0000
0.4713,1.0000
0.4714,1.0001
0.4715,1.0002
0.4716,0.9999
0.4717,1.0002
0.4718,1.0000
0.4719,1.0001
0.4720,1.0000
0.4721,1.0001
0.4722,1.0001
0.4723,1.0000
0.4724,0.9999
0.4725,0.9999
0.4726,0.9999
0.4727,1.0000
0.4728,0.9999
0.4729,1.0001
0.4730,1.0001
0.4731,0.9999
0.4732,0.9998
0.4733,1.0001
0.4734,1.0000
0.4735,1.0002
0.4736,1.0001
0.4737,1.0000
0.4738,1.0001
0.4739,1.0001
0.4740,1.0001
0.4741,1.0000
0.4742,1.0001
0.4743,1.0001
0.4744,1.0000
0.4745,1.0000
0.4746,1.0002
0.4747,1.0000
0.4748,1.0002
0.4749,1.0002
0.4750,1.0002
0.4751,1.0000
0.4752,0.9999
0.4753,1.0001
0.4754,1.0000
0.4755,1.0001
0.4756,0.9998
0.4757,1.0000
0.4758,0.9999
0.4759,0.9998
0.4760,1.0001
0.4761,1.0000
0.4762,0.9997
0.4763,0.9999
0.4764,1.0000
0.4765,1.0000
0.4766,1.0000
0.4767,1.0002
0.4768,1.0000
0.4769,1.0000
0.4770,1.0001
0.4771,0.9999
0.4772,1.0000
0.4773,0.9999
0.4774,1.0000
0.4775,1.0000
0.4776,0.9998
0.4777,0.9999
0.4778,1.0000
0.4779,1.0000
0.4780,1.0000
0.4781,0.9999
0.4782,1.0001
0.4783,1.0001
0.4784,1.0000
0.4785,0.9998
0.4786,0.9999
0.4787,1.0001
0.4788,0.9999
0.4789,1.0001
0.4790,1.0000
0.4791,1.0002
0.4792,1.0001
0.4793,0.9999
0.4794,1.0000
0.4795,1.0000
0.4796,1.0001
0.4797,1.0000
0.4798,1.0000
0.4799,1.0001
0.4800,0.9999
0.4801,1.0000
0.4802,1.0001
0.4803,1.0001
0.4804,1.0001
0.4805,0.9999
0.4806,1.0000
0.4807,1.0000
0.4808,1.0001
0.4809,1.0002
0.4810,1.0000
0.4811,1.0000
0.4812,0.9999
0.4813,1.0000
0.4814,0.9999
0.4815,0.9999
0.4816,1.0000
0.4817,1.0001
0.4818,1.0001
0.4819,1.0000
0.4820,0.9999
0.4821,1.0000
0.4822,1.0001
0.4823,1.0000
0.4824,1.0002
0.4825,1.0001
0.4826,1.0000
0.4827,1.0000
0.4828,1.0000
0.4829,1.0000
0.4830,1.0000
0.4831,0.9999
0.4832,0.9999
0.4833,1.0000
0.4834,1.0001
0.4835,0.9999
0.4836,0.9998
0.4837,0.9999
0.4838,1.0000
0.4839,1.0000
0.4840,1.0001
0.4841,1.0002
0.4842,0.9999
0.4843,0.9999
0.4844,1.0000
0.4845,1.0000
0.4846,1.0001
0.4847,1.0001
0.4848,0.9998
0.4849,1.0000
0.4850,1.0000
0.4851,1.0000
0.4852,1.0002
0.4853,1.0001
0.4854,0.9999
0.4855,1.0000
0.4856,1.0001
0.4857,0.9998
0.4858,1.0000
0.4859,1.0002
0.4860,1.0001
0.4861,1.0001
0.4862,1.0001
0.4863,1.0000
0.4864,0.9998
0.4865,0.9999
0.4866,1.0001
0.4867,1.0000
0.4868,1.0000
0.4869,1.0000
0.4870,1.0001
0.4871,1.0000
0.4872,1.0000
0.4873,1.0000
0.4874,1.0000
0.4875,1.0000
0.4876,1.0000
0.4877,0.9998
0.4878,1.0000
0.4879,1.0000
0.4880,0.9999
0.4881,1.0000
0.4882,1.0000
0.4883,0.9999
0.4884,1.0000
0.4885,0.9999
0.4886,1.0001
0.4887,1.0000
0.4888,1.0001
0.4889,0.9999
0.4890,0.9999
0.4891,0.9999
0.4892,0.9999
0.4893,0.9999
0.4894,0.9999
0.4895,1.0001
0.4896,1.0001
0.4897,1.0000
0.4898,1.0000
0.4899,1.0000
0.4900,1.0002
0.4901,1.0000
0.4902,1.0000
0.4903,1.0000
0.4904,1.0000
0.4905,0.9999
0.4906,1.0000
0.4907,0.9999
0.4908,1.0000
0.4909,0.9999
0.4910,0.9999
0.4911,1.0000
0.4912,1.0000
0.4913,0.9999
0.4914,1.0000
0.4915,1.0001
0.4916,1.0000
0.4917,1.0000
0.4918,1.0000
0.4919,0.9999
0.4920,1.0000
0.4921,1.0001
0.4922,1.0004
0.4923,1.0000
0.4924,0.9998
0.4925,0.9999
0.4926,1.0000
0.4927,1.0001
0.4928,1.0000
0.4929,0.9999
0.4930,1.0000
0.4931,1.0000
0.4932,0.9999
0.4933,1.0001
0.4934,0.9999
0.4935,1.0000
0.4936,1.0001
0.4937,1.0000
0.4938,0.9999
0.4939,1.0001
0.4940,1.0002
0.4941,0.9999
0.4942,1.0001
0.4943,1.0000
0.4944,1.0000
0.4945,1.0000
0.4946,0.9998
0.4947,0.9999
0.4948,1.0001
0.4949,1.0000
0.4950,0.9999
0.4951,1.0000
0.4952,0.9999
0.4953,1.0000
0.4954,0.9998
0.4955,1.0002
0.4956,0.9999
0.4957,1.0001
0.4958,1.0000
0.4959,0.9998
0.4960,1.0000
0.4961,0.9999
0.4962,1.0000
0.4963,1.0000
0.4964,1.0000
0.4965,1.0000
0.4966,1.0001
0.4967,0.9997
0.4968,1.0001
0.4969,0.9999
0.4970,1.0001
0.4971,1.0000
0.4972,1.0001
0.4973,1.0001
0.4974,1.0000
0.4975,1.0001
0.4976,1.0001
0.4977,1.0000
0.4978,0.9997
0.4979,1.0000
0.4980,1.0001
0.4981,0.9999
0.4982,1.0000
0.4983,0.9999
0.4984,1.0000
0.4985,1.0000
0.4986,1.0000
0.4987,1.0000
0.4988,1.0000
0.4989,1.0002
0.4990,1.0000
0.4991,0.9999
0.4992,1.0001
0.4993,0.9999
0.4994,1.0000
0.4995,0.9999
0.4996,0.9999
0.4997,1.0000
0.4998,1.0000
0.4999,1.0001
