x_init,y_init,x_final,y_final
8.0,2.4682813815415554,8.0,2.4682813815415554
8.1,2.874394619781135,8.1,2.874394619781135
8.2,2.6971407576540867,8.2,2.6971407576540867
8.299999999999999,2.961008705931106,8.299999999999999,2.961008705931106
8.399999999999999,2.8358751254001597,8.399999999999999,2.8358751254001597
8.499999999999998,3.5379604272511704,8.499999999999998,3.5379604272511704
8.599999999999998,2.762286523644892,8.599999999999998,2.762286523644892
8.699999999999998,2.765645102878384,8.699999999999998,2.765645102878384
8.799999999999997,2.841909331802182,8.799999999999997,2.841909331802182
8.899999999999997,3.5392277530043024,8.899999999999997,3.5392277530043024
8.999999999999996,3.371296670638607,8.999999999999996,3.371296670638607
9.099999999999996,3.1219368161315635,9.099999999999996,3.1219368161315635
9.199999999999996,3.3548328717901965,9.199999999999996,3.3548328717901965
9.299999999999995,3.543898663361116,9.299999999999995,3.543898663361116
9.399999999999995,2.5318616081326777,9.399999999999995,2.5318616081326777
9.499999999999995,1.817779020304266,9.499999999999995,1.817779020304266
9.599999999999994,2.150338645786502,9.599999999999994,2.150338645786502
9.699999999999994,2.8200166663572133,9.699999999999994,2.8200166663572133
9.799999999999994,3.2648357670906853,9.799999999999994,3.2648357670906853
9.899999999999993,3.606547555239675,9.899999999999993,3.606547555239675
9.999999999999993,2.3106312757377863,9.999999999999993,2.3106312757377863
10.099999999999993,3.938499296594094,10.099999999999993,3.938499296594094
10.199999999999992,2.5105096632642985,10.199999999999992,2.5105096632642985
10.299999999999992,3.739427136700816,10.299999999999992,3.739427136700816
10.399999999999991,2.7697713822682086,10.399999999999991,2.7697713822682086
10.499999999999991,2.9009968678853526,10.499999999999991,2.9009968678853526
10.59999999999999,1.7765408271237284,10.59999999999999,1.7765408271237284
10.69999999999999,2.905667073458429,10.69999999999999,2.905667073458429
10.79999999999999,3.5614193067204845,10.79999999999999,3.5614193067204845
10.89999999999999,3.4914186506225056,10.89999999999999,3.4914186506225056
10.99999999999999,2.641080172319729,10.99999999999999,2.641080172319729
11.099999999999989,3.352851554321502,11.099999999999989,3.352851554321502
11.199999999999989,3.076442828028327,11.199999999999989,3.076442828028327
11.299999999999988,1.8557268804934526,11.299999999999988,1.8557268804934526
11.399999999999988,3.0337728449624333,11.399999999999988,3.0337728449624333
11.499999999999988,2.489037622977821,11.499999999999988,2.489037622977821
11.599999999999987,2.311599818201654,11.599999999999987,2.311599818201654
11.699999999999987,2.109448958301736,11.699999999999987,2.109448958301736
11.799999999999986,2.2292275829136514,11.799999999999986,2.2292275829136514
11.899999999999986,2.521502649627575,11.899999999999986,2.521502649627575
11.999999999999986,3.3883294257197196,11.999999999999986,3.3883294257197196
12.099999999999985,2.8977701428342053,12.099999999999985,2.8977701428342053
12.199999999999985,3.8929797065368876,12.199999999999985,3.8929797065368876
12.299999999999985,2.989790606318609,12.299999999999985,2.989790606318609
12.399999999999984,2.7543563166581126,12.399999999999984,2.7543563166581126
12.499999999999984,2.5151590527345116,12.499999999999984,2.5151590527345116
12.599999999999984,40.0,13.59999999999998,2.624807345817235
12.699999999999983,40.0,13.69999999999998,3.098608675961433
12.799999999999983,40.0,13.79999999999998,3.1035694974959545
12.899999999999983,40.0,13.899999999999979,3.5995431495601933
12.999999999999982,40.0,13.999999999999979,3.267316783169716
13.099999999999982,40.0,14.099999999999978,2.7346994985665956
13.199999999999982,40.0,14.199999999999978,3.1030765585225675
13.299999999999981,40.0,14.299999999999978,2.8117672689994255
13.39999999999998,40.0,14.399999999999977,3.637042481219205
13.49999999999998,40.0,14.499999999999977,3.3790561115256597
13.59999999999998,2.624807345817235,15.599999999999973,2.014384037448698
13.69999999999998,3.098608675961433,15.699999999999973,2.414631867507732
13.79999999999998,3.1035694974959545,15.799999999999972,2.9964518673602796
13.899999999999979,3.5995431495601933,15.899999999999972,3.5483873517412947
13.999999999999979,3.267316783169716,15.999999999999972,3.2052661889970175
14.099999999999978,2.7346994985665956,16.099999999999973,2.961700408859407
14.199999999999978,3.1030765585225675,16.19999999999997,2.929240812818821
14.299999999999978,2.8117672689994255,16.29999999999997,3.094554233255044
14.399999999999977,3.637042481219205,16.39999999999997,2.9715677973975256
14.499999999999977,3.3790561115256597,16.49999999999997,2.870340339128618
14.599999999999977,83.0,16.59999999999997,3.0533584987885605
14.699999999999976,83.0,16.699999999999967,2.453523566843955
14.799999999999976,83.0,16.79999999999997,3.3665574063844
14.899999999999975,83.0,16.89999999999997,2.5729561534104706
14.999999999999975,83.0,16.999999999999968,3.4467419015285894
15.099999999999975,83.0,17.099999999999966,2.566457144926947
15.199999999999974,83.0,17.199999999999967,2.7231703759718826
15.299999999999974,83.0,17.29999999999997,2.3514122458262094
15.399999999999974,83.0,17.399999999999967,3.707340524796845
15.499999999999973,83.0,17.499999999999964,2.8150891313016877
15.599999999999973,2.014384037448698,18.599999999999962,3.112163178255887
15.699999999999973,2.414631867507732,18.69999999999996,3.2412772896117312
15.799999999999972,2.9964518673602796,18.79999999999996,3.000315993546785
15.899999999999972,3.5483873517412947,18.899999999999963,3.2653582099220206
15.999999999999972,3.2052661889970175,18.99999999999996,2.79811977577379
16.099999999999973,2.961700408859407,19.09999999999996,2.9522562749370858
16.19999999999997,2.929240812818821,19.19999999999996,3.0303542155648766
16.29999999999997,3.094554233255044,19.29999999999996,2.7078099789686823
16.39999999999997,2.9715677973975256,19.39999999999996,2.988394225811666
16.49999999999997,2.870340339128618,19.499999999999957,2.5459988467265684
16.59999999999997,3.0533584987885605,19.59999999999996,3.2777966848113094
16.699999999999967,2.453523566843955,19.69999999999996,3.7021003992157677
16.79999999999997,3.3665574063844,19.799999999999958,2.852725247563328
16.89999999999997,2.5729561534104706,19.899999999999956,3.297116985356792
16.999999999999968,3.4467419015285894,19.999999999999957,3.0445288183408206
17.099999999999966,2.566457144926947,20.09999999999996,2.9536742637841
17.199999999999967,2.7231703759718826,20.199999999999957,2.988812135076084
17.29999999999997,2.3514122458262094,20.299999999999955,3.482054048766079
17.399999999999967,3.707340524796845,20.399999999999956,2.774052623003823
17.499999999999964,2.8150891313016877,20.499999999999957,2.229866010203693
17.599999999999966,25.0,20.599999999999955,3.0674197240148735
17.699999999999967,25.0,20.699999999999953,3.5562844088928625
17.799999999999965,25.0,20.799999999999955,2.889409019471678
17.899999999999963,25.0,20.899999999999956,2.7786688303497638
17.999999999999964,25.0,20.999999999999954,3.2902952803776704
18.099999999999966,25.0,21.09999999999995,2.229352734396401
18.199999999999964,25.0,21.199999999999953,3.3990117688851322
18.29999999999996,25.0,21.299999999999955,2.8480878907021223
18.399999999999963,25.0,21.399999999999952,2.8999590542313456
18.499999999999964,25.0,21.49999999999995,2.712838688172046
18.599999999999962,3.112163178255887,21.59999999999995,3.288569276188461
18.69999999999996,3.2412772896117312,21.699999999999953,3.020985329204186
18.79999999999996,3.000315993546785,21.79999999999995,1.8850381067976067
18.899999999999963,3.2653582099220206,21.89999999999995,3.65554876585829
18.99999999999996,2.79811977577379,21.99999999999995,2.8885343205138314
19.09999999999996,2.9522562749370858,22.09999999999995,3.1932663958021994
19.19999999999996,3.0303542155648766,22.19999999999995,2.3356124995638115
19.29999999999996,2.7078099789686823,22.299999999999947,2.076206221598825
19.39999999999996,2.988394225811666,22.39999999999995,3.161108066717461
19.499999999999957,2.5459988467265684,22.49999999999995,1.936451454684275
19.59999999999996,3.2777966848113094,22.599999999999948,3.909230861317885
19.69999999999996,3.7021003992157677,22.699999999999946,3.231632930313551
19.799999999999958,2.852725247563328,22.799999999999947,2.3645282517916977
19.899999999999956,3.297116985356792,22.89999999999995,2.717564067698155
19.999999999999957,3.0445288183408206,22.999999999999947,1.6989737936621498
20.09999999999996,2.9536742637841,23.099999999999945,3.6707194875969664
20.199999999999957,2.988812135076084,23.199999999999946,3.020465790958923
20.299999999999955,3.482054048766079,23.299999999999947,2.6919717978908886
20.399999999999956,2.774052623003823,23.399999999999945,2.48194008825252
20.499999999999957,2.229866010203693,23.499999999999943,3.1599841299752045
20.599999999999955,3.0674197240148735,23.599999999999945,3.0880703229052546
20.699999999999953,3.5562844088928625,23.699999999999946,3.185109912133933
20.799999999999955,2.889409019471678,23.799999999999944,3.0173436461780776
20.899999999999956,2.7786688303497638,23.89999999999994,4.952461833655114
20.999999999999954,3.2902952803776704,23.999999999999943,5.257444009904569
21.09999999999995,2.229352734396401,24.099999999999945,7.017927226099206
21.199999999999953,3.3990117688851322,24.199999999999942,11.259639393858786
21.299999999999955,2.8480878907021223,24.29999999999994,18.685154011774447
21.399999999999952,2.8999590542313456,24.39999999999994,29.472971616163314
21.49999999999995,2.712838688172046,24.499999999999943,50.35225339565385
21.59999999999995,3.288569276188461,24.59999999999994,86.8769492712914
21.699999999999953,3.020985329204186,24.69999999999994,144.97070360164454
21.79999999999995,1.8850381067976067,24.79999999999994,234.57702782982344
21.89999999999995,3.65554876585829,24.89999999999994,357.27001204561
21.99999999999995,2.8885343205138314,24.99999999999994,502.44825722429056
22.09999999999995,3.1932663958021994,25.099999999999937,650.061173716366
22.19999999999995,2.3356124995638115,25.19999999999994,771.0336253878526
22.299999999999947,2.076206221598825,25.29999999999994,860.8631717566655
22.39999999999995,3.161108066717461,25.399999999999938,919.2328058991494
22.49999999999995,1.936451454684275,25.499999999999936,956.0822442518687
22.599999999999948,3.909230861317885,25.599999999999937,976.43197766231
22.699999999999946,3.231632930313551,25.69999999999994,987.6730052905026
22.799999999999947,2.3645282517916977,25.799999999999937,995.2628475692975
22.89999999999995,2.717564067698155,25.899999999999935,999.2650769543866
22.999999999999947,1.6989737936621498,25.999999999999936,1000.5666637275137
23.099999999999945,3.6707194875969664,26.099999999999937,1001.7125365452192
23.199999999999946,3.020465790958923,26.199999999999935,1002.2499485973349
23.299999999999947,2.6919717978908886,26.299999999999933,1002.5132606472166
23.399999999999945,2.48194008825252,26.399999999999935,1003.1519174217735
23.499999999999943,3.1599841299752045,26.499999999999936,1002.9093718536413
23.599999999999945,3.0880703229052546,26.599999999999934,1002.5757282832116
23.699999999999946,3.185109912133933,26.699999999999932,1003.9530719918462
23.799999999999944,3.0173436461780776,26.799999999999933,1003.4023603635936
23.89999999999994,4.952461833655114,26.899999999999935,1001.6968670344374
23.999999999999943,5.257444009904569,26.999999999999932,1002.4977345574723
24.099999999999945,7.017927226099206,27.09999999999993,1003.7947555189559
24.199999999999942,11.259639393858786,27.199999999999932,1001.9712145499046
24.29999999999994,18.685154011774447,27.299999999999933,1003.2583275338245
24.39999999999994,29.472971616163314,27.39999999999993,1001.794566800799
24.499999999999943,50.35225339565385,27.49999999999993,1002.0003577223288
24.59999999999994,86.8769492712914,27.59999999999993,1003.0043698810964
24.69999999999994,144.97070360164454,27.699999999999932,1003.1181605408752
24.79999999999994,234.57702782982344,27.79999999999993,1002.5635218792289
24.89999999999994,357.27001204561,27.899999999999928,1003.8371414611712
24.99999999999994,502.44825722429056,27.99999999999993,1002.4745110278664
25.099999999999937,650.061173716366,28.09999999999993,1002.99646247286
25.19999999999994,771.0336253878526,28.19999999999993,1002.3364832268932
25.29999999999994,860.8631717566655,28.299999999999926,1003.4008771560395
25.399999999999938,919.2328058991494,28.399999999999928,1002.4219544333445
25.499999999999936,956.0822442518687,28.49999999999993,1003.402025707909
25.599999999999937,976.43197766231,28.599999999999927,1002.9514543399343
25.69999999999994,987.6730052905026,28.699999999999925,1002.851649555003
25.799999999999937,995.2628475692975,28.799999999999926,1002.4916111775271
25.899999999999935,999.2650769543866,28.899999999999928,1002.9732820108488
25.999999999999936,1000.5666637275137,28.999999999999925,1003.2745317078849
26.099999999999937,1001.7125365452192,29.099999999999923,1002.6128301162362
26.199999999999935,1002.2499485973349,29.199999999999925,1002.4305637339919
26.299999999999933,1002.5132606472166,29.299999999999926,1003.0573089922414
26.399999999999935,1003.1519174217735,29.399999999999924,1002.9005263216467
26.499999999999936,1002.9093718536413,29.499999999999922,1003.5236878039067
26.599999999999934,1002.5757282832116,29.599999999999923,1003.5657777085321
26.699999999999932,1003.9530719918462,29.699999999999925,1002.5977498961466
26.799999999999933,1003.4023603635936,29.799999999999923,1003.8854836754091
26.899999999999935,1001.6968670344374,29.89999999999992,1003.5747831699703
26.999999999999932,1002.4977345574723,29.999999999999922,1003.5617152526897
27.09999999999993,1003.7947555189559,30.099999999999923,1002.6329330948469
27.199999999999932,1001.9712145499046,30.19999999999992,1002.6102449311713
27.299999999999933,1003.2583275338245,30.29999999999992,1002.9985247262919
27.39999999999993,1001.794566800799,30.39999999999992,1002.9634857039666
27.49999999999993,1002.0003577223288,30.499999999999922,1003.616192171965
27.59999999999993,1003.0043698810964,30.59999999999992,1003.2789158359675
27.699999999999932,1003.1181605408752,30.699999999999918,1003.547060632438
27.79999999999993,1002.5635218792289,30.79999999999992,1004.7657152838046
27.899999999999928,1003.8371414611712,30.89999999999992,1003.6013496114008
27.99999999999993,1002.4745110278664,30.99999999999992,1003.3906979502825
28.09999999999993,1002.99646247286,31.099999999999916,1003.4133131453412
28.19999999999993,1002.3364832268932,31.199999999999918,1002.4651956590096
28.299999999999926,1003.4008771560395,31.29999999999992,1003.3295105108194
28.399999999999928,1002.4219544333445,31.399999999999917,1003.4630825651902
28.49999999999993,1003.402025707909,31.499999999999915,1003.2325151347691
28.599999999999927,1002.9514543399343,31.599999999999916,1003.0108100516233
28.699999999999925,1002.851649555003,31.699999999999918,1002.9137994629172
28.799999999999926,1002.4916111775271,31.799999999999915,1002.8127834055784
28.899999999999928,1002.9732820108488,31.899999999999913,1003.1269640037235
28.999999999999925,1003.2745317078849,31.999999999999915,1003.2549447143908
29.099999999999923,1002.6128301162362,32.099999999999916,1002.5218094253146
29.199999999999925,1002.4305637339919,32.19999999999992,1002.0385598190251
29.299999999999926,1003.0573089922414,32.29999999999991,1003.0847358535514
29.399999999999924,1002.9005263216467,32.39999999999991,1001.9371078425678
29.499999999999922,1003.5236878039067,32.499999999999915,1002.71722043375
29.599999999999923,1003.5657777085321,32.59999999999991,1002.8176342315661
29.699999999999925,1002.5977498961466,32.69999999999991,1002.5992073167018
29.799999999999923,1003.8854836754091,32.79999999999991,1002.7828060580549
29.89999999999992,1003.5747831699703,32.89999999999991,1003.0775695767438
29.999999999999922,1003.5617152526897,32.999999999999915,1002.6262054627689
30.099999999999923,1002.6329330948469,33.09999999999991,1003.2022234390998
30.19999999999992,1002.6102449311713,33.19999999999991,1002.5224220511808
30.29999999999992,1002.9985247262919,33.29999999999991,1002.3208443156924
30.39999999999992,1002.9634857039666,33.399999999999906,1002.594803084756
30.499999999999922,1003.616192171965,33.49999999999991,1002.3216668017905
30.59999999999992,1003.2789158359675,33.59999999999991,1003.4538510249872
30.699999999999918,1003.547060632438,33.69999999999991,1002.8530945329832
30.79999999999992,1004.7657152838046,33.79999999999991,1002.941923043212
30.89999999999992,1003.6013496114008,33.899999999999906,1003.3285475653587
30.99999999999992,1003.3906979502825,33.99999999999991,1002.9480125512522
31.099999999999916,1003.4133131453412,34.09999999999991,1002.4055347436621
31.199999999999918,1002.4651956590096,34.1999999999999,1002.674665844855
31.29999999999992,1003.3295105108194,34.299999999999905,1003.6677650651318
31.399999999999917,1003.4630825651902,34.399999999999906,1002.7962139868242
31.499999999999915,1003.2325151347691,34.49999999999991,1002.4890887425854
31.599999999999916,1003.0108100516233,34.59999999999991,1003.2579882339671
31.699999999999918,1002.9137994629172,34.6999999999999,1002.4799361967749
31.799999999999915,1002.8127834055784,34.799999999999905,1003.9982938433864
31.899999999999913,1003.1269640037235,34.899999999999906,1003.6417504772797
31.999999999999915,1003.2549447143908,34.9999999999999,1002.8069454009933
32.099999999999916,1002.5218094253146,35.0999999999999,1002.4016765840312
32.19999999999992,1002.0385598190251,35.1999999999999,1003.4538906701928
32.29999999999991,1003.0847358535514,35.299999999999905,1003.4244430972813
32.39999999999991,1001.9371078425678,35.399999999999906,1003.756132219259
32.499999999999915,1002.71722043375,35.4999999999999,1002.8131744731689
32.59999999999991,1002.8176342315661,35.5999999999999,1003.0047067868928
32.69999999999991,1002.5992073167018,35.6999999999999,1002.7035140012441
32.79999999999991,1002.7828060580549,35.7999999999999,1002.8933148687514
32.89999999999991,1003.0775695767438,35.8999999999999,1003.1490070371542
32.999999999999915,1002.6262054627689,35.9999999999999,1004.025265100651
33.09999999999991,1003.2022234390998,36.0999999999999,1002.9587164020716
33.19999999999991,1002.5224220511808,36.1999999999999,1004.1443132391073
33.29999999999991,1002.3208443156924,36.2999999999999,1002.3089003977838
33.399999999999906,1002.594803084756,36.3999999999999,1002.8393579423996
33.49999999999991,1002.3216668017905,36.4999999999999,1002.9773175422995
33.59999999999991,1003.4538510249872,36.599999999999895,1002.8075489293586
33.69999999999991,1002.8530945329832,36.699999999999896,1002.6916209834625
33.79999999999991,1002.941923043212,36.7999999999999,1003.3913204707694
33.899999999999906,1003.3285475653587,36.8999999999999,1002.3462437978351
33.99999999999991,1002.9480125512522,36.9999999999999,1003.0146966525068
34.09999999999991,1002.4055347436621,37.099999999999895,1002.9152251937528
34.1999999999999,1002.674665844855,37.199999999999896,1003.8632654381162
34.299999999999905,1003.6677650651318,37.2999999999999,1002.8964376558375
34.399999999999906,1002.7962139868242,37.39999999999989,1003.0382782258489
34.49999999999991,1002.4890887425854,37.49999999999989,1002.8735297462487
34.59999999999991,1003.2579882339671,37.599999999999895,1003.5520971579555
34.6999999999999,1002.4799361967749,37.699999999999896,1003.477530298669
34.799999999999905,1003.9982938433864,37.7999999999999,1002.802075628538
34.899999999999906,1003.6417504772797,37.89999999999989,1003.1401479709934
34.9999999999999,1002.8069454009933,37.99999999999989,1002.1803532557889
35.0999999999999,1002.4016765840312,38.099999999999895,1003.9374475408163
35.1999999999999,1003.4538906701928,38.19999999999989,1003.9469864789046
35.299999999999905,1003.4244430972813,38.29999999999989,1003.1470099408655
35.399999999999906,1003.756132219259,38.39999999999989,1003.3432665621982
35.4999999999999,1002.8131744731689,38.49999999999989,1003.0407076113187
35.5999999999999,1003.0047067868928,38.599999999999895,1003.8012517187967
35.6999999999999,1002.7035140012441,38.69999999999989,1002.9095635057253
35.7999999999999,1002.8933148687514,38.79999999999989,1002.6578051891172
35.8999999999999,1003.1490070371542,38.89999999999989,1003.9555561323986
35.9999999999999,1004.025265100651,38.999999999999886,1003.5512367669976
36.0999999999999,1002.9587164020716,39.09999999999989,1003.571292251984
36.1999999999999,1004.1443132391073,39.19999999999989,1003.2698040776266
36.2999999999999,1002.3089003977838,39.29999999999989,1003.0706259978484
36.3999999999999,1002.8393579423996,39.39999999999989,1003.1358688796458
36.4999999999999,1002.9773175422995,39.499999999999886,1002.5759468377327
36.599999999999895,1002.8075489293586,39.59999999999989,1003.5277303287169
36.699999999999896,1002.6916209834625,39.69999999999989,1003.0745132031553
36.7999999999999,1003.3913204707694,39.79999999999988,1003.0009271237883
36.8999999999999,1002.3462437978351,39.899999999999885,1002.8653960328627
36.9999999999999,1003.0146966525068,39.999999999999886,1003.2688879024763
37.099999999999895,1002.9152251937528,40.09999999999989,1003.2143163091432
37.199999999999896,1003.8632654381162,40.19999999999989,1003.9930326979754
37.2999999999999,1002.8964376558375,40.29999999999988,1002.7013369863417
37.39999999999989,1003.0382782258489,40.399999999999885,1003.7403143629174
37.49999999999989,1002.8735297462487,40.499999999999886,1002.8720534259148
37.599999999999895,1003.5520971579555,40.59999999999988,1003.2251603023698
37.699999999999896,1003.477530298669,40.69999999999988,1002.9353202814611
37.7999999999999,1002.802075628538,40.79999999999988,1002.3274031509925
37.89999999999989,1003.1401479709934,40.899999999999885,1002.2309021505871
37.99999999999989,1002.1803532557889,40.999999999999886,1002.867939964635
38.099999999999895,1003.9374475408163,41.09999999999988,1003.443232665219
38.19999999999989,1003.9469864789046,41.19999999999988,1002.9044589763607
38.29999999999989,1003.1470099408655,41.29999999999988,1004.0085869562176
38.39999999999989,1003.3432665621982,41.39999999999988,1002.5471314918098
38.49999999999989,1003.0407076113187,41.49999999999988,1002.7539301150521
38.599999999999895,1003.8012517187967,41.59999999999988,1003.3511152170781
38.69999999999989,1002.9095635057253,41.69999999999988,1002.5379095614477
38.79999999999989,1002.6578051891172,41.79999999999988,1003.1973242101998
38.89999999999989,1003.9555561323986,41.89999999999988,1002.1980839134283
38.999999999999886,1003.5512367669976,41.99999999999988,1002.5113937523063
39.09999999999989,1003.571292251984,42.09999999999988,1003.1918306153324
39.19999999999989,1003.2698040776266,42.199999999999875,1003.4335267658264
39.29999999999989,1003.0706259978484,42.299999999999876,1002.4433520949469
39.39999999999989,1003.1358688796458,42.39999999999988,1001.4671298174536
39.499999999999886,1002.5759468377327,42.49999999999988,1002.6981304493218
39.59999999999989,1003.5277303287169,42.59999999999988,1003.5118411356266
39.69999999999989,1003.0745132031553,42.699999999999875,1002.3678552895849
39.79999999999988,1003.0009271237883,42.799999999999876,1003.1043876558867
39.899999999999885,1002.8653960328627,42.89999999999988,1002.4329130434027
39.999999999999886,1003.2688879024763,42.99999999999987,1002.5271701906886
40.09999999999989,1003.2143163091432,43.09999999999987,1002.7745569225216
40.19999999999989,1003.9930326979754,43.199999999999875,1003.1442427607437
40.29999999999988,1002.7013369863417,43.299999999999876,1002.8230844506566
40.399999999999885,1003.7403143629174,43.39999999999988,1002.8555752887363
40.499999999999886,1002.8720534259148,43.49999999999987,1003.2871525602364
40.59999999999988,1003.2251603023698,43.59999999999987,1003.2069717406127
40.69999999999988,1002.9353202814611,43.699999999999875,1003.0108011745473
40.79999999999988,1002.3274031509925,43.79999999999987,1002.7591182077049
40.899999999999885,1002.2309021505871,43.89999999999987,1003.0842816532482
40.999999999999886,1002.867939964635,43.99999999999987,1002.9403699041007
41.09999999999988,1003.443232665219,44.09999999999987,1003.4088195335153
41.19999999999988,1002.9044589763607,44.199999999999875,1002.5080528833638
41.29999999999988,1004.0085869562176,44.29999999999987,1002.9536231905572
41.39999999999988,1002.5471314918098,44.39999999999987,1003.5873975840245
41.49999999999988,1002.7539301150521,44.49999999999987,1003.606378734214
41.59999999999988,1003.3511152170781,44.599999999999866,1003.2501096270165
41.69999999999988,1002.5379095614477,44.69999999999987,1004.157304804797
41.79999999999988,1003.1973242101998,44.79999999999987,1003.1038997185052
41.89999999999988,1002.1980839134283,44.89999999999987,1003.1008756742689
41.99999999999988,1002.5113937523063,44.99999999999987,1003.2155578135716
42.09999999999988,1003.1918306153324,45.099999999999866,1002.7974404493254
42.199999999999875,1003.4335267658264,45.19999999999987,1003.3711624447211
42.299999999999876,1002.4433520949469,45.29999999999987,1001.8907764773135
42.39999999999988,1001.4671298174536,45.399999999999864,1003.3135548095545
42.49999999999988,1002.6981304493218,45.499999999999865,1003.0634109758067
42.59999999999988,1003.5118411356266,45.599999999999866,1003.7828705082941
42.699999999999875,1002.3678552895849,45.69999999999987,1003.9870418109377
42.799999999999876,1003.1043876558867,45.79999999999987,1002.9536914550273
42.89999999999988,1002.4329130434027,45.899999999999864,1002.8988423263994
42.99999999999987,1002.5271701906886,45.999999999999865,1002.4592572418253
43.09999999999987,1002.7745569225216,46.099999999999866,1003.2938839068371
43.199999999999875,1003.1442427607437,46.19999999999986,1003.8956657930682
43.299999999999876,1002.8230844506566,46.29999999999986,1003.5487796935879
43.39999999999988,1002.8555752887363,46.399999999999864,1002.0999610801197
43.49999999999987,1003.2871525602364,46.499999999999865,1002.0040474279899
43.59999999999987,1003.2069717406127,46.599999999999866,1002.8387660913173
43.699999999999875,1003.0108011745473,46.69999999999986,1004.1214180596816
43.79999999999987,1002.7591182077049,46.79999999999986,1003.7174046612519
43.89999999999987,1003.0842816532482,46.899999999999864,1002.9221483625302
43.99999999999987,1002.9403699041007,46.99999999999986,1002.474675186544
44.09999999999987,1003.4088195335153,47.09999999999986,1003.4621323010704
44.199999999999875,1002.5080528833638,47.19999999999986,1003.2837099641033
44.29999999999987,1002.9536231905572,47.29999999999986,1002.5645262631144
44.39999999999987,1003.5873975840245,47.399999999999864,1002.7505682695554
44.49999999999987,1003.606378734214,47.49999999999986,1003.04919903845
44.599999999999866,1003.2501096270165,47.59999999999986,1002.3507631509138
44.69999999999987,1004.157304804797,47.69999999999986,1003.0960106875991
44.79999999999987,1003.1038997185052,47.799999999999855,1003.2281004560734
44.89999999999987,1003.1008756742689,47.89999999999986,1003.1529574597698
44.99999999999987,1003.2155578135716,47.99999999999986,1003.1062915741443
45.099999999999866,1002.7974404493254,48.09999999999986,1004.2089473857127
45.19999999999987,1003.3711624447211,48.19999999999986,1003.5184916582712
45.29999999999987,1001.8907764773135,48.299999999999855,1003.777885219681
45.399999999999864,1003.3135548095545,48.39999999999986,1003.8844362186046
45.499999999999865,1003.0634109758067,48.49999999999986,1002.9578874768209
45.599999999999866,1003.7828705082941,48.59999999999985,1003.4246503116368
45.69999999999987,1003.9870418109377,48.699999999999854,1003.5115695574191
45.79999999999987,1002.9536914550273,48.799999999999855,1003.0265279050953
45.899999999999864,1002.8988423263994,48.89999999999986,1002.5587085908063
45.999999999999865,1002.4592572418253,48.99999999999986,1002.7561011893415
46.099999999999866,1003.2938839068371,49.09999999999985,1002.682812662823
46.19999999999986,1003.8956657930682,49.199999999999854,1003.0994785733346
46.29999999999986,1003.5487796935879,49.299999999999855,1002.7430569497988
46.399999999999864,1002.0999610801197,49.39999999999985,1002.9780354515807
46.499999999999865,1002.0040474279899,49.49999999999985,1003.1260089166483
46.599999999999866,1002.8387660913173,49.59999999999985,1002.1601244968066
46.69999999999986,1004.1214180596816,49.699999999999854,1002.5921438938333
46.79999999999986,1003.7174046612519,49.799999999999855,1002.8042690197913
46.899999999999864,1002.9221483625302,49.89999999999985,1002.229361331079
46.99999999999986,1002.474675186544,49.99999999999985,1003.680233619865
47.09999999999986,1003.4621323010704,50.09999999999985,1002.456179662049
47.19999999999986,1003.2837099641033,50.19999999999985,1002.1744205564322
47.29999999999986,1002.5645262631144,50.29999999999985,1003.3651607784101
47.399999999999864,1002.7505682695554,50.39999999999985,1002.2735799394796
47.49999999999986,1003.04919903845,50.49999999999985,1003.126788931908
47.59999999999986,1002.3507631509138,50.59999999999985,1004.3927988996804
47.69999999999986,1003.0960106875991,50.69999999999985,1003.7673911303535
47.799999999999855,1003.2281004560734,50.79999999999985,1002.1303293453792
47.89999999999986,1003.1529574597698,50.89999999999985,1003.079542677716
47.99999999999986,1003.1062915741443,50.999999999999844,1003.4223018709494
48.09999999999986,1004.2089473857127,51.099999999999845,1002.5106164600743
48.19999999999986,1003.5184916582712,51.19999999999985,1002.0319914051886
48.299999999999855,1003.777885219681,51.29999999999985,1003.0845361080981
48.39999999999986,1003.8844362186046,51.39999999999985,1002.0741578802216
48.49999999999986,1002.9578874768209,51.499999999999844,1003.3484031148824
48.59999999999985,1003.4246503116368,51.599999999999845,1002.8853694437288
48.699999999999854,1003.5115695574191,51.69999999999985,1002.7670881708416
48.799999999999855,1003.0265279050953,51.79999999999984,1003.8172350077766
48.89999999999986,1002.5587085908063,51.89999999999984,1002.6052526563907
48.99999999999986,1002.7561011893415,51.999999999999844,1003.0102623299923
49.09999999999985,1002.682812662823,52.099999999999845,1003.0877881545944
49.199999999999854,1003.0994785733346,52.19999999999985,1002.3775850600863
49.299999999999855,1002.7430569497988,52.29999999999984,1002.8827823420064
49.39999999999985,1002.9780354515807,52.39999999999984,1002.2928175149824
49.49999999999985,1003.1260089166483,52.499999999999844,1003.2933985766348
49.59999999999985,1002.1601244968066,52.59999999999984,1003.0143439738489
49.699999999999854,1002.5921438938333,52.69999999999984,1003.2275753730819
49.799999999999855,1002.8042690197913,52.79999999999984,1003.1916242495823
49.89999999999985,1002.229361331079,52.89999999999984,1002.9412353234245
49.99999999999985,1003.680233619865,52.999999999999844,1003.3317012542442
50.09999999999985,1002.456179662049,53.09999999999984,1003.0281912695058
50.19999999999985,1002.1744205564322,53.19999999999984,1002.8418422245849
50.29999999999985,1003.3651607784101,53.29999999999984,1003.0013702347309
50.39999999999985,1002.2735799394796,53.399999999999835,1003.6488310201099
50.49999999999985,1003.126788931908,53.49999999999984,1003.0232682311117
50.59999999999985,1004.3927988996804,53.59999999999984,1003.1636614636205
50.69999999999985,1003.7673911303535,53.69999999999984,1003.2249929040836
50.79999999999985,1002.1303293453792,53.79999999999984,1003.2723502843791
50.89999999999985,1003.079542677716,53.899999999999835,1002.7127568938287
50.999999999999844,1003.4223018709494,53.99999999999984,1003.2062532099312
51.099999999999845,1002.5106164600743,54.09999999999984,1002.7366020222213
51.19999999999985,1002.0319914051886,54.19999999999983,1003.0467110537205
51.29999999999985,1003.0845361080981,54.299999999999834,1003.1969612715393
51.39999999999985,1002.0741578802216,54.399999999999835,1003.3092065431375
51.499999999999844,1003.3484031148824,54.49999999999984,1003.2568400835064
51.599999999999845,1002.8853694437288,54.59999999999984,1002.7336630034833
51.69999999999985,1002.7670881708416,54.69999999999983,1002.6937328211292
51.79999999999984,1003.8172350077766,54.799999999999834,1002.0394931918071
51.89999999999984,1002.6052526563907,54.899999999999835,1003.0779415013855
51.999999999999844,1003.0102623299923,54.99999999999983,1002.8289981041332
52.099999999999845,1003.0877881545944,55.09999999999983,1003.4553747962616
52.19999999999985,1002.3775850600863,55.19999999999983,1003.1630204184429
52.29999999999984,1002.8827823420064,55.299999999999834,1002.7109396965944
52.39999999999984,1002.2928175149824,55.399999999999835,1002.269642866913
52.499999999999844,1003.2933985766348,55.49999999999983,1002.7658219428024
52.59999999999984,1003.0143439738489,55.59999999999983,1002.3776687228668
52.69999999999984,1003.2275753730819,55.69999999999983,1002.7609295040961
52.79999999999984,1003.1916242495823,55.79999999999983,1003.5330683231222
52.89999999999984,1002.9412353234245,55.89999999999983,1003.2113961846103
52.999999999999844,1003.3317012542442,55.99999999999983,1002.5535585658652
53.09999999999984,1003.0281912695058,56.09999999999983,1003.0747509264769
53.19999999999984,1002.8418422245849,56.19999999999983,1003.676634566007
53.29999999999984,1003.0013702347309,56.29999999999983,1002.4691988367038
53.399999999999835,1003.6488310201099,56.39999999999983,1003.2552499687815
53.49999999999984,1003.0232682311117,56.49999999999983,1003.109764485808
53.59999999999984,1003.1636614636205,56.599999999999824,1003.4420951035098
53.69999999999984,1003.2249929040836,56.699999999999825,1002.5691629759756
53.79999999999984,1003.2723502843791,56.79999999999983,1003.1444458578941
53.899999999999835,1002.7127568938287,56.89999999999983,1003.5662542911067
53.99999999999984,1003.2062532099312,56.99999999999983,1002.4745531088034
54.09999999999984,1002.7366020222213,57.099999999999824,1003.2927502075586
54.19999999999983,1003.0467110537205,57.199999999999825,1003.0995897051987
54.299999999999834,1003.1969612715393,57.29999999999983,1002.2487585431894
54.399999999999835,1003.3092065431375,57.39999999999982,1003.4769856192927
54.49999999999984,1003.2568400835064,57.49999999999982,1003.6397268849922
54.59999999999984,1002.7336630034833,57.599999999999824,1003.3328637801693
54.69999999999983,1002.6937328211292,57.699999999999825,1002.4432256259113
54.799999999999834,1002.0394931918071,57.79999999999983,1002.5620089581607
54.899999999999835,1003.0779415013855,57.89999999999982,1002.5081438848772
54.99999999999983,1002.8289981041332,57.99999999999982,1002.7680811944883
55.09999999999983,1003.4553747962616,58.099999999999824,1003.0374174310418
55.19999999999983,1003.1630204184429,58.19999999999982,1002.8250723917898
55.299999999999834,1002.7109396965944,58.29999999999982,1002.2063077597531
55.399999999999835,1002.269642866913,58.39999999999982,1003.1526352710401
55.49999999999983,1002.7658219428024,58.49999999999982,1003.7643612607973
55.59999999999983,1002.3776687228668,58.599999999999824,1003.3947962347173
55.69999999999983,1002.7609295040961,58.69999999999982,1002.6088463242903
55.79999999999983,1003.5330683231222,58.79999999999982,1002.6491787792247
55.89999999999983,1003.2113961846103,58.89999999999982,1003.0643990053256
55.99999999999983,1002.5535585658652,58.999999999999815,1003.201258266826
56.09999999999983,1003.0747509264769,59.09999999999982,1003.425617040735
56.19999999999983,1003.676634566007,59.19999999999982,1002.2947039103327
56.29999999999983,1002.4691988367038,59.29999999999982,1003.3526207669053
56.39999999999983,1003.2552499687815,59.39999999999982,1003.0868431695019
56.49999999999983,1003.109764485808,59.499999999999815,1002.3190996166431
56.599999999999824,1003.4420951035098,59.59999999999982,1003.0677193724441
56.699999999999825,1002.5691629759756,59.69999999999982,1002.9306850557684
56.79999999999983,1003.1444458578941,59.79999999999981,1003.0564180384976
56.89999999999983,1003.5662542911067,59.899999999999814,1003.8376344316164
56.99999999999983,1002.4745531088034,59.999999999999815,1003.1105610090711
57.099999999999824,1003.2927502075586,60.09999999999982,1002.6283894048804
57.199999999999825,1003.0995897051987,60.19999999999982,1002.1911347222696
57.29999999999983,1002.2487585431894,60.29999999999981,1002.8163694843496
57.39999999999982,1003.4769856192927,60.399999999999814,1003.471595996765
57.49999999999982,1003.6397268849922,60.499999999999815,1003.3359778534548
57.599999999999824,1003.3328637801693,60.59999999999981,1003.3072759471602
57.699999999999825,1002.4432256259113,60.69999999999981,1002.2008143827497
57.79999999999983,1002.5620089581607,60.79999999999981,1003.2433952647555
57.89999999999982,1002.5081438848772,60.899999999999814,1004.0314357099185
57.99999999999982,1002.7680811944883,60.999999999999815,1002.980118395795
58.099999999999824,1003.0374174310418,61.09999999999981,1002.6051129010393
58.19999999999982,1002.8250723917898,61.19999999999981,1002.5092865347457
58.29999999999982,1002.2063077597531,61.29999999999981,1003.0604299827737
58.39999999999982,1003.1526352710401,61.39999999999981,1003.5897790127004
58.49999999999982,1003.7643612607973,61.49999999999981,1003.528884002731
58.599999999999824,1003.3947962347173,61.59999999999981,1003.5922052126432
58.69999999999982,1002.6088463242903,61.69999999999981,1003.336817165234
58.79999999999982,1002.6491787792247,61.79999999999981,1003.4829215666803
58.89999999999982,1003.0643990053256,61.89999999999981,1002.153105307527
58.999999999999815,1003.201258266826,61.99999999999981,1003.8591435699722
59.09999999999982,1003.425617040735,62.09999999999981,1002.6889383132993
59.19999999999982,1002.2947039103327,62.199999999999804,1002.5962500071013
59.29999999999982,1003.3526207669053,62.299999999999805,1003.2927103357152
59.39999999999982,1003.0868431695019,62.39999999999981,1002.8700672189584
59.499999999999815,1002.3190996166431,62.49999999999981,1003.3109293494969
59.59999999999982,1003.0677193724441,62.59999999999981,1002.530404876514
59.69999999999982,1002.9306850557684,62.699999999999804,1003.2385832352911
59.79999999999981,1003.0564180384976,62.799999999999805,1002.8488217835177
59.899999999999814,1003.8376344316164,62.89999999999981,1002.3970034035423
59.999999999999815,1003.1105610090711,62.9999999999998,1003.4084137677178
60.09999999999982,1002.6283894048804,63.0999999999998,1003.5018843074039
60.19999999999982,1002.1911347222696,63.199999999999804,1002.1983205546122
60.29999999999981,1002.8163694843496,63.299999999999805,1002.6701367135659
60.399999999999814,1003.471595996765,63.39999999999981,1001.9746528108868
60.499999999999815,1003.3359778534548,63.4999999999998,1003.1947435908561
60.59999999999981,1003.3072759471602,63.5999999999998,1002.5967532591915
60.69999999999981,1002.2008143827497,63.699999999999804,1003.6806101186817
60.79999999999981,1003.2433952647555,63.7999999999998,1002.7092911285658
60.899999999999814,1004.0314357099185,63.8999999999998,1003.2790983673567
60.999999999999815,1002.980118395795,63.9999999999998,1003.1153022628949
61.09999999999981,1002.6051129010393,64.0999999999998,1002.3876348816137
61.19999999999981,1002.5092865347457,64.1999999999998,1003.2811974345748
61.29999999999981,1003.0604299827737,64.2999999999998,1002.9011137906273
61.39999999999981,1003.5897790127004,64.3999999999998,1002.6629023362443
61.49999999999981,1003.528884002731,64.4999999999998,1001.9406852632768
61.59999999999981,1003.5922052126432,64.5999999999998,1001.9841335270031
61.69999999999981,1003.336817165234,64.69999999999979,1003.1148178854215
61.79999999999981,1003.4829215666803,64.7999999999998,1002.2457433091615
61.89999999999981,1002.153105307527,64.8999999999998,1003.3020872011735
61.99999999999981,1003.8591435699722,64.9999999999998,1001.8488886572536
62.09999999999981,1002.6889383132993,65.0999999999998,1002.4283271603216
62.199999999999804,1002.5962500071013,65.19999999999979,1002.7207240540878
62.299999999999805,1003.2927103357152,65.2999999999998,1003.6637833516223
62.39999999999981,1002.8700672189584,65.39999999999979,1002.9423777723085
62.49999999999981,1003.3109293494969,65.4999999999998,1002.804392792885
62.59999999999981,1002.530404876514,65.5999999999998,1002.9267096819425
62.699999999999804,1003.2385832352911,65.69999999999979,1003.2124897546813
62.799999999999805,1002.8488217835177,65.7999999999998,1002.4941351074077
62.89999999999981,1002.3970034035423,65.89999999999979,1004.3701960798475
62.9999999999998,1003.4084137677178,65.9999999999998,1002.988135211329
63.0999999999998,1003.5018843074039,66.0999999999998,1002.4575385470644
63.199999999999804,1002.1983205546122,66.19999999999979,1002.5277752920471
63.299999999999805,1002.6701367135659,66.29999999999978,1003.7142557823156
63.39999999999981,1001.9746528108868,66.39999999999979,1003.5515241402934
63.4999999999998,1003.1947435908561,66.4999999999998,1003.1671727776971
63.5999999999998,1002.5967532591915,66.5999999999998,1003.8401222693252
63.699999999999804,1003.6806101186817,66.69999999999979,1003.4140752763557
63.7999999999998,1002.7092911285658,66.79999999999978,1002.7195487267758
63.8999999999998,1003.2790983673567,66.89999999999979,1002.8257645304093
63.9999999999998,1003.1153022628949,66.99999999999979,1003.9402916203625
64.0999999999998,1002.3876348816137,67.0999999999998,1002.9008371533386
64.1999999999998,1003.2811974345748,67.19999999999979,1002.8038498535107
64.2999999999998,1002.9011137906273,67.29999999999978,1002.4665010478022
64.3999999999998,1002.6629023362443,67.39999999999979,1002.9307304989078
64.4999999999998,1001.9406852632768,67.49999999999979,1002.9123791687878
64.5999999999998,1001.9841335270031,67.5999999999998,1003.3656579571003
64.69999999999979,1003.1148178854215,67.69999999999979,1003.1913236746221
64.7999999999998,1002.2457433091615,67.79999999999978,1003.0996802817327
64.8999999999998,1003.3020872011735,67.89999999999978,1002.4985114477803
64.9999999999998,1001.8488886572536,67.99999999999979,1002.8885556248069
65.0999999999998,1002.4283271603216,68.0999999999998,1003.5339080143782
65.19999999999979,1002.7207240540878,68.19999999999979,1002.3821846692623
65.2999999999998,1003.6637833516223,68.29999999999978,1003.0148804133934
65.39999999999979,1002.9423777723085,68.39999999999978,1003.5691241271079
65.4999999999998,1002.804392792885,68.49999999999979,1002.6592939824026
65.5999999999998,1002.9267096819425,68.59999999999978,1003.6750220294036
65.69999999999979,1003.2124897546813,68.69999999999979,1002.5602461445484
65.7999999999998,1002.4941351074077,68.79999999999978,1002.8915715335224
65.89999999999979,1004.3701960798475,68.89999999999978,1003.3855607866325
65.9999999999998,1002.988135211329,68.99999999999979,1003.131947575897
66.0999999999998,1002.4575385470644,69.09999999999978,1003.0197592596854
66.19999999999979,1002.5277752920471,69.19999999999979,1003.0977924049399
66.29999999999978,1003.7142557823156,69.29999999999978,1002.6370439863392
66.39999999999979,1003.5515241402934,69.39999999999978,1002.7066916182183
66.4999999999998,1003.1671727776971,69.49999999999977,1003.2423414229265
66.5999999999998,1003.8401222693252,69.59999999999978,1003.546408809611
66.69999999999979,1003.4140752763557,69.69999999999979,1002.5612835710884
66.79999999999978,1002.7195487267758,69.79999999999978,1002.9144652539546
66.89999999999979,1002.8257645304093,69.89999999999978,1002.8906905571431
66.99999999999979,1003.9402916203625,69.99999999999977,1002.9963558492796
67.0999999999998,1002.9008371533386,70.09999999999978,1003.512236611771
67.19999999999979,1002.8038498535107,70.19999999999978,1003.067360402477
67.29999999999978,1002.4665010478022,70.29999999999978,1003.042308242162
67.39999999999979,1002.9307304989078,70.39999999999978,1003.4337635332633
67.49999999999979,1002.9123791687878,70.49999999999977,1003.6379221480734
67.5999999999998,1003.3656579571003,70.59999999999978,1002.9095374027839
67.69999999999979,1003.1913236746221,70.69999999999978,1003.7833605917037
67.79999999999978,1003.0996802817327,70.79999999999978,1003.6606267046295
67.89999999999978,1002.4985114477803,70.89999999999978,1002.8937963049813
67.99999999999979,1002.8885556248069,70.99999999999977,1003.1414566498826
68.0999999999998,1003.5339080143782,71.09999999999977,1002.6587530276219
68.19999999999979,1002.3821846692623,71.19999999999978,1003.0241526748949
68.29999999999978,1003.0148804133934,71.29999999999978,1002.4239300429488
68.39999999999978,1003.5691241271079,71.39999999999978,1002.9003441245428
68.49999999999979,1002.6592939824026,71.49999999999977,1003.4850307876325
68.59999999999978,1003.6750220294036,71.59999999999977,1003.8082071705077
68.69999999999979,1002.5602461445484,71.69999999999978,1002.3958442637103
68.79999999999978,1002.8915715335224,71.79999999999977,1003.0964397490783
68.89999999999978,1003.3855607866325,71.89999999999978,1003.5624715409544
68.99999999999979,1003.131947575897,71.99999999999977,1003.0949412518655
69.09999999999978,1003.0197592596854,72.09999999999977,1002.9124462592761
69.19999999999979,1003.0977924049399,72.19999999999978,1002.4864062467791
69.29999999999978,1002.6370439863392,72.29999999999977,1002.677919359191
69.39999999999978,1002.7066916182183,72.39999999999978,1002.7169858582581
69.49999999999977,1003.2423414229265,72.49999999999977,1002.8120750908445
69.59999999999978,1003.546408809611,72.59999999999977,1002.654230917838
69.69999999999979,1002.5612835710884,72.69999999999978,1002.4769416051245
69.79999999999978,1002.9144652539546,72.79999999999977,1003.2133976666778
69.89999999999978,1002.8906905571431,72.89999999999976,1003.0538925417692
69.99999999999977,1002.9963558492796,72.99999999999977,1002.2427999657117
70.09999999999978,1003.512236611771,73.09999999999977,1003.2503847414783
70.19999999999978,1003.067360402477,73.19999999999976,1002.4595586300786
70.29999999999978,1003.042308242162,73.29999999999977,1003.2642053664784
70.39999999999978,1003.4337635332633,73.39999999999976,1002.9870794522362
70.49999999999977,1003.6379221480734,73.49999999999977,1002.7663345289822
70.59999999999978,1002.9095374027839,73.59999999999977,1003.4695109230403
70.69999999999978,1003.7833605917037,73.69999999999976,1003.253046701036
70.79999999999978,1003.6606267046295,73.79999999999977,1003.7957726386228
70.89999999999978,1002.8937963049813,73.89999999999976,1003.4122735405927
70.99999999999977,1003.1414566498826,73.99999999999977,1002.2743627207625
71.09999999999977,1002.6587530276219,74.09999999999977,1003.2067337801892
71.19999999999978,1003.0241526748949,74.19999999999976,1003.0369831913588
71.29999999999978,1002.4239300429488,74.29999999999977,1003.7583534355668
71.39999999999978,1002.9003441245428,74.39999999999976,1003.1771599683149
71.49999999999977,1003.4850307876325,74.49999999999976,1002.5458687301065
71.59999999999977,1003.8082071705077,74.59999999999977,1002.7578212836858
71.69999999999978,1002.3958442637103,74.69999999999976,1002.8731189363634
71.79999999999977,1003.0964397490783,74.79999999999976,1003.5415155775048
71.89999999999978,1003.5624715409544,74.89999999999976,1002.5681104338826
71.99999999999977,1003.0949412518655,74.99999999999976,1002.6788037172062
72.09999999999977,1002.9124462592761,75.09999999999977,1003.772275906787
72.19999999999978,1002.4864062467791,75.19999999999976,1002.8203033588437
72.29999999999977,1002.677919359191,75.29999999999976,1003.3967812607932
72.39999999999978,1002.7169858582581,75.39999999999976,1002.9867757811257
72.49999999999977,1002.8120750908445,75.49999999999976,1003.4622079911578
72.59999999999977,1002.654230917838,75.59999999999977,1002.5435765418072
72.69999999999978,1002.4769416051245,75.69999999999976,1003.0998999788097
72.79999999999977,1003.2133976666778,75.79999999999976,1002.8112592676794
72.89999999999976,1003.0538925417692,75.89999999999976,1002.8011220760537
72.99999999999977,1002.2427999657117,75.99999999999976,1003.6379615568865
73.09999999999977,1003.2503847414783,76.09999999999975,1002.578599539693
73.19999999999976,1002.4595586300786,76.19999999999976,1003.3294304902383
73.29999999999977,1003.2642053664784,76.29999999999976,1004.1186297911186
73.39999999999976,1002.9870794522362,76.39999999999975,1003.1485774398774
73.49999999999977,1002.7663345289822,76.49999999999976,1002.8126553818996
73.59999999999977,1003.4695109230403,76.59999999999975,1003.4924297320143
73.69999999999976,1003.253046701036,76.69999999999976,1003.3072170498876
73.79999999999977,1003.7957726386228,76.79999999999976,1002.1310346648012
73.89999999999976,1003.4122735405927,76.89999999999975,1003.12482274468
73.99999999999977,1002.2743627207625,76.99999999999976,1003.2462833578404
74.09999999999977,1003.2067337801892,77.09999999999975,1002.8001798744394
74.19999999999976,1003.0369831913588,77.19999999999976,1003.5577078946244
74.29999999999977,1003.7583534355668,77.29999999999976,1002.7982623027541
74.39999999999976,1003.1771599683149,77.39999999999975,1003.0024247282846
74.49999999999976,1002.5458687301065,77.49999999999976,1002.662514955161
74.59999999999977,1002.7578212836858,77.59999999999975,1002.3968508342533
74.69999999999976,1002.8731189363634,77.69999999999975,1002.6639613167556
74.79999999999976,1003.5415155775048,77.79999999999976,1003.02128698038
74.89999999999976,1002.5681104338826,77.89999999999975,1003.4587382391477
74.99999999999976,1002.6788037172062,77.99999999999974,1003.1359583257469
75.09999999999977,1003.772275906787,78.09999999999975,1003.3308036054003
75.19999999999976,1002.8203033588437,78.19999999999975,1002.3641887236358
75.29999999999976,1003.3967812607932,78.29999999999976,1002.7492712223653
75.39999999999976,1002.9867757811257,78.39999999999975,1003.0334428182355
75.49999999999976,1003.4622079911578,78.49999999999974,1001.9688144315371
75.59999999999977,1002.5435765418072,78.59999999999975,1003.07564648278
75.69999999999976,1003.0998999788097,78.69999999999975,1003.0389722303628
75.79999999999976,1002.8112592676794,78.79999999999976,1002.7769240056757
75.89999999999976,1002.8011220760537,78.89999999999975,1003.1209445347719
75.99999999999976,1003.6379615568865,78.99999999999974,1003.0577029922109
76.09999999999975,1002.578599539693,79.09999999999975,1003.2764674411743
76.19999999999976,1003.3294304902383,79.19999999999975,1003.3763412271155
76.29999999999976,1004.1186297911186,79.29999999999974,1001.5125144441351
76.39999999999975,1003.1485774398774,79.39999999999975,1002.8271928333775
76.49999999999976,1002.8126553818996,79.49999999999974,1002.4159155451591
76.59999999999975,1003.4924297320143,79.59999999999974,1002.8309263378441
76.69999999999976,1003.3072170498876,79.69999999999975,1003.0213862629561
76.79999999999976,1002.1310346648012,79.79999999999974,1003.2538191597196
76.89999999999975,1003.12482274468,79.89999999999975,1003.0107544275588
76.99999999999976,1003.2462833578404,79.99999999999974,1002.8166813070488
77.09999999999975,1002.8001798744394,80.09999999999974,1003.7012425949157
77.19999999999976,1003.5577078946244,80.19999999999975,1002.949626360346
77.29999999999976,1002.7982623027541,80.29999999999974,1002.7823734725961
77.39999999999975,1003.0024247282846,80.39999999999975,1003.1352055965522
77.49999999999976,1002.662514955161,80.49999999999974,1003.488668818447
77.59999999999975,1002.3968508342533,80.59999999999974,1002.8508097395405
77.69999999999975,1002.6639613167556,80.69999999999975,1002.5395252750702
77.79999999999976,1003.02128698038,80.79999999999974,1003.289328843281
77.89999999999975,1003.4587382391477,80.89999999999974,1002.1198774466509
77.99999999999974,1003.1359583257469,80.99999999999974,1003.2525373302232
78.09999999999975,1003.3308036054003,81.09999999999974,1002.8868611968401
78.19999999999975,1002.3641887236358,81.19999999999973,1002.8116017108309
78.29999999999976,1002.7492712223653,81.29999999999974,1003.6652410730634
78.39999999999975,1003.0334428182355,81.39999999999974,1002.5441593006739
78.49999999999974,1001.9688144315371,81.49999999999974,1003.401199373176
78.59999999999975,1003.07564648278,81.59999999999974,1003.5057109929504
78.69999999999975,1003.0389722303628,81.69999999999973,1002.598625297947
78.79999999999976,1002.7769240056757,81.79999999999974,1002.177190217923
78.89999999999975,1003.1209445347719,81.89999999999974,1003.3480522890142
78.99999999999974,1003.0577029922109,81.99999999999974,1003.4127606081623
79.09999999999975,1003.2764674411743,82.09999999999974,1003.1649937349766
79.19999999999975,1003.3763412271155,82.19999999999973,1001.7636397393283
79.29999999999974,1001.5125144441351,82.29999999999974,1003.7971844347372
79.39999999999975,1002.8271928333775,82.39999999999974,1002.8320609366893
79.49999999999974,1002.4159155451591,82.49999999999973,1003.217915611528
79.59999999999974,1002.8309263378441,82.59999999999974,1002.5294840585012
79.69999999999975,1003.0213862629561,82.69999999999973,1003.1698428585861
79.79999999999974,1003.2538191597196,82.79999999999973,1002.8282649412862
79.89999999999975,1003.0107544275588,82.89999999999974,1003.2871625046103
79.99999999999974,1002.8166813070488,82.99999999999973,1003.0437055922388
80.09999999999974,1003.7012425949157,83.09999999999974,1003.5263299786285
80.19999999999975,1002.949626360346,83.19999999999973,1003.244993460735
80.29999999999974,1002.7823734725961,83.29999999999973,1002.7103872473332
80.39999999999975,1003.1352055965522,83.39999999999974,1003.9505784688869
80.49999999999974,1003.488668818447,83.49999999999973,1002.3760976716601
80.59999999999974,1002.8508097395405,83.59999999999974,1003.5996976474801
80.69999999999975,1002.5395252750702,83.69999999999973,1002.9104479530691
80.79999999999974,1003.289328843281,83.79999999999973,1003.2396755111776
80.89999999999974,1002.1198774466509,83.89999999999974,1002.4638832596258
80.99999999999974,1003.2525373302232,83.99999999999973,1003.14744220751
81.09999999999974,1002.8868611968401,84.09999999999972,1002.3978384328104
81.19999999999973,1002.8116017108309,84.19999999999973,1002.7726447078658
81.29999999999974,1003.6652410730634,84.29999999999973,1002.7125108460548
81.39999999999974,1002.5441593006739,84.39999999999972,1002.5167413324377
81.49999999999974,1003.401199373176,84.49999999999973,1002.6712746609304
81.59999999999974,1003.5057109929504,84.59999999999972,1001.9740039260986
81.69999999999973,1002.598625297947,84.69999999999973,1003.2863799945662
81.79999999999974,1002.177190217923,84.79999999999973,1002.9276996761248
81.89999999999974,1003.3480522890142,84.89999999999972,1002.8821771622685
81.99999999999974,1003.4127606081623,84.99999999999973,1001.988926045058
82.09999999999974,1003.1649937349766,85.09999999999972,1002.7252447610211
82.19999999999973,1001.7636397393283,85.19999999999973,1003.758634126137
82.29999999999974,1003.7971844347372,85.29999999999973,1003.3168368762769
82.39999999999974,1002.8320609366893,85.39999999999972,1002.5438527807288
82.49999999999973,1003.217915611528,85.49999999999973,1003.046151354781
82.59999999999974,1002.5294840585012,85.59999999999972,1002.755030768338
82.69999999999973,1003.1698428585861,85.69999999999972,1003.8542784994995
82.79999999999973,1002.8282649412862,85.79999999999973,1003.0653498375941
82.89999999999974,1003.2871625046103,85.89999999999972,1004.0478205894598
82.99999999999973,1003.0437055922388,85.99999999999972,1003.3614491804622
83.09999999999974,1003.5263299786285,86.09999999999972,1003.1894660257485
83.19999999999973,1003.244993460735,86.19999999999972,1002.825696402313
83.29999999999973,1002.7103872473332,86.29999999999973,1003.2384512709021
83.39999999999974,1003.9505784688869,86.39999999999972,1003.1097646982307
83.49999999999973,1002.3760976716601,86.49999999999972,1003.778248648579
83.59999999999974,1003.5996976474801,86.59999999999972,1003.6174940034891
83.69999999999973,1002.9104479530691,86.69999999999972,1002.9530912591704
83.79999999999973,1003.2396755111776,86.79999999999973,1004.3178946027366
83.89999999999974,1002.4638832596258,86.89999999999972,1003.5335007355641
83.99999999999973,1003.14744220751,86.99999999999972,1002.2468287326723
84.09999999999972,1002.3978384328104,87.09999999999972,1002.7639472873473
84.19999999999973,1002.7726447078658,87.19999999999972,1003.3800398538946
84.29999999999973,1002.7125108460548,87.29999999999971,1002.638870104235
84.39999999999972,1002.5167413324377,87.39999999999972,1002.9741542380966
84.49999999999973,1002.6712746609304,87.49999999999972,1002.5508211334871
84.59999999999972,1001.9740039260986,87.59999999999971,1002.3793155977527
84.69999999999973,1003.2863799945662,87.69999999999972,1003.5047470391584
84.79999999999973,1002.9276996761248,87.79999999999971,1003.2184983324091
84.89999999999972,1002.8821771622685,87.89999999999972,1002.1360488387384
84.99999999999973,1001.988926045058,87.99999999999972,1002.7010525784254
85.09999999999972,1002.7252447610211,88.09999999999971,1002.9366221669464
85.19999999999973,1003.758634126137,88.19999999999972,1003.8089089967478
85.29999999999973,1003.3168368762769,88.29999999999971,1004.290794847154
85.39999999999972,1002.5438527807288,88.39999999999972,1003.2605941789544
85.49999999999973,1003.046151354781,88.49999999999972,1002.330737965294
85.59999999999972,1002.755030768338,88.59999999999971,1002.5623103337057
85.69999999999972,1003.8542784994995,88.69999999999972,1002.8313066760336
85.79999999999973,1003.0653498375941,88.79999999999971,1002.5497826992759
85.89999999999972,1004.0478205894598,88.89999999999971,1003.0858334865203
85.99999999999972,1003.3614491804622,88.99999999999972,1002.8331107432078
86.09999999999972,1003.1894660257485,89.09999999999971,1002.3081469745579
86.19999999999972,1002.825696402313,89.1999999999997,1002.9042079615566
86.29999999999973,1003.2384512709021,89.29999999999971,1002.707488311905
86.39999999999972,1003.1097646982307,89.39999999999971,1003.134478647628
86.49999999999972,1003.778248648579,89.49999999999972,1001.8676092208001
86.59999999999972,1003.6174940034891,89.59999999999971,1003.7462983769459
86.69999999999972,1002.9530912591704,89.6999999999997,1003.6295677257
86.79999999999973,1004.3178946027366,89.79999999999971,1002.6826179690288
86.89999999999972,1003.5335007355641,89.89999999999971,1002.8456299186827
86.99999999999972,1002.2468287326723,89.99999999999972,1002.6012388936695
87.09999999999972,1002.7639472873473,90.09999999999971,1003.2017997345697
87.19999999999972,1003.3800398538946,90.1999999999997,1003.7696422766286
87.29999999999971,1002.638870104235,90.29999999999971,1002.4015257498819
87.39999999999972,1002.9741542380966,90.39999999999971,1002.838320559697
87.49999999999972,1002.5508211334871,90.4999999999997,1001.9003490510158
87.59999999999971,1002.3793155977527,90.59999999999971,1003.5161800899676
87.69999999999972,1003.5047470391584,90.6999999999997,1002.5418807260718
87.79999999999971,1003.2184983324091,90.7999999999997,1003.867373930696
87.89999999999972,1002.1360488387384,90.89999999999971,1002.8075700433535
87.99999999999972,1002.7010525784254,90.9999999999997,1003.9654674373982
88.09999999999971,1002.9366221669464,91.09999999999971,1003.2605388403632
88.19999999999972,1003.8089089967478,91.1999999999997,1003.3739111432475
88.29999999999971,1004.290794847154,91.2999999999997,1003.2057890101754
88.39999999999972,1003.2605941789544,91.39999999999971,1002.5751804984806
88.49999999999972,1002.330737965294,91.4999999999997,1003.6671186541639
88.59999999999971,1002.5623103337057,91.59999999999971,1003.0619705593994
88.69999999999972,1002.8313066760336,91.6999999999997,1003.056883974708
88.79999999999971,1002.5497826992759,91.7999999999997,1002.6700693654262
88.89999999999971,1003.0858334865203,91.89999999999971,1002.6949491695452
88.99999999999972,1002.8331107432078,91.9999999999997,1003.309156356673
89.09999999999971,1002.3081469745579,92.0999999999997,1003.5916446066362
89.1999999999997,1002.9042079615566,92.1999999999997,1003.4029900911835
89.29999999999971,1002.707488311905,92.2999999999997,1002.7826022577832
89.39999999999971,1003.134478647628,92.3999999999997,1002.4133496613397
89.49999999999972,1001.8676092208001,92.4999999999997,1002.5782258213504
89.59999999999971,1003.7462983769459,92.5999999999997,1002.0077570139887
89.6999999999997,1003.6295677257,92.6999999999997,1002.8335046971287
89.79999999999971,1002.6826179690288,92.7999999999997,1003.5094805470458
89.89999999999971,1002.8456299186827,92.8999999999997,1002.9655151450247
89.99999999999972,1002.6012388936695,92.9999999999997,1002.6703859248058
90.09999999999971,1003.2017997345697,93.0999999999997,1002.5524933334235
90.1999999999997,1003.7696422766286,93.1999999999997,1003.326224181178
90.29999999999971,1002.4015257498819,93.2999999999997,1003.3591893423093
90.39999999999971,1002.838320559697,93.3999999999997,1003.0784437608706
90.4999999999997,1001.9003490510158,93.4999999999997,1002.8979602651322
90.59999999999971,1003.5161800899676,93.5999999999997,1003.2854078951265
90.6999999999997,1002.5418807260718,93.69999999999969,1002.3682463076962
90.7999999999997,1003.867373930696,93.7999999999997,1003.1119875187804
90.89999999999971,1002.8075700433535,93.8999999999997,1003.0070845823801
90.9999999999997,1003.9654674373982,93.99999999999969,1003.0899695633674
91.09999999999971,1003.2605388403632,94.0999999999997,1003.1080911447788
91.1999999999997,1003.3739111432475,94.19999999999969,1003.1980354598529
91.2999999999997,1003.2057890101754,94.2999999999997,1001.5474184767988
91.39999999999971,1002.5751804984806,94.3999999999997,1003.6777359209312
91.4999999999997,1003.6671186541639,94.49999999999969,1002.2967058980333
91.59999999999971,1003.0619705593994,94.5999999999997,1002.8193815484728
91.6999999999997,1003.056883974708,94.69999999999969,1003.0901834497548
91.7999999999997,1002.6700693654262,94.7999999999997,1002.8601561085513
91.89999999999971,1002.6949491695452,94.8999999999997,1001.9072345346526
91.9999999999997,1003.309156356673,94.99999999999969,1002.751272489704
92.0999999999997,1003.5916446066362,95.0999999999997,1002.7631810029404
92.1999999999997,1003.4029900911835,95.19999999999969,1003.1994032054947
92.2999999999997,1002.7826022577832,95.29999999999968,1003.0042861771001
92.3999999999997,1002.4133496613397,95.3999999999997,1003.0798413668891
92.4999999999997,1002.5782258213504,95.49999999999969,1002.9841028979389
92.5999999999997,1002.0077570139887,95.59999999999968,1003.6867047755992
92.6999999999997,1002.8335046971287,95.69999999999969,1001.9394470576667
92.7999999999997,1003.5094805470458,95.79999999999968,1002.7099293584732
92.8999999999997,1002.9655151450247,95.8999999999997,1003.1727929799266
92.9999999999997,1002.6703859248058,95.99999999999969,1002.747089321436
93.0999999999997,1002.5524933334235,96.09999999999968,1003.5522942227452
93.1999999999997,1003.326224181178,96.19999999999969,1002.9591175345892
93.2999999999997,1003.3591893423093,96.29999999999968,1002.8931200792587
93.3999999999997,1003.0784437608706,96.3999999999997,1002.9949343813655
93.4999999999997,1002.8979602651322,96.49999999999969,1002.9745737445007
93.5999999999997,1003.2854078951265,96.59999999999968,1002.2554541110236
93.69999999999969,1002.3682463076962,96.69999999999969,1003.8849221369743
93.7999999999997,1003.1119875187804,96.79999999999968,1002.2402190381604
93.8999999999997,1003.0070845823801,96.89999999999968,1002.8057058566236
93.99999999999969,1003.0899695633674,96.99999999999969,1002.7235831295179
94.0999999999997,1003.1080911447788,97.09999999999968,1003.4113531408019
94.19999999999969,1003.1980354598529,97.19999999999968,1003.0632900832978
94.2999999999997,1001.5474184767988,97.29999999999968,1002.822392050822
94.3999999999997,1003.6777359209312,97.39999999999968,1002.9878722610255
94.49999999999969,1002.2967058980333,97.49999999999969,1003.2139922745288
94.5999999999997,1002.8193815484728,97.59999999999968,1002.9961186121989
94.69999999999969,1003.0901834497548,97.69999999999968,1003.1126297454585
94.7999999999997,1002.8601561085513,97.79999999999968,1003.514401184413
94.8999999999997,1001.9072345346526,97.89999999999968,1003.5717442236355
94.99999999999969,1002.751272489704,97.99999999999969,1002.9490286955405
95.0999999999997,1002.7631810029404,98.09999999999968,1003.1366569549984
95.19999999999969,1003.1994032054947,98.19999999999968,1003.4294034398106
95.29999999999968,1003.0042861771001,98.29999999999968,1003.3914570946868
95.3999999999997,1003.0798413668891,98.39999999999968,1002.4060787460955
95.49999999999969,1002.9841028979389,98.49999999999967,1002.756206727594
95.59999999999968,1003.6867047755992,98.59999999999968,1002.4786738708327
95.69999999999969,1001.9394470576667,98.69999999999968,1001.7654931893131
95.79999999999968,1002.7099293584732,98.79999999999967,1002.7397474394785
95.8999999999997,1003.1727929799266,98.89999999999968,1003.1245551858134
95.99999999999969,1002.747089321436,98.99999999999967,1002.6574895197186
96.09999999999968,1003.5522942227452,99.09999999999968,1003.3233819229564
96.19999999999969,1002.9591175345892,99.19999999999968,1003.4279206261142
96.29999999999968,1002.8931200792587,99.29999999999967,1002.8344395038669
96.3999999999997,1002.9949343813655,99.39999999999968,1003.6389710952418
96.49999999999969,1002.9745737445007,99.49999999999967,1003.0245243531162
96.59999999999968,1002.2554541110236,99.59999999999968,1002.1998918032772
96.69999999999969,1003.8849221369743,99.69999999999968,1003.7732738647895
96.79999999999968,1002.2402190381604,99.79999999999967,1002.4588957747877
96.89999999999968,1002.8057058566236,99.89999999999968,1002.8693560326369
96.99999999999969,1002.7235831295179,,
97.09999999999968,1003.4113531408019,,
97.19999999999968,1003.0632900832978,,
97.29999999999968,1002.822392050822,,
97.39999999999968,1002.9878722610255,,
97.49999999999969,1003.2139922745288,,
97.59999999999968,1002.9961186121989,,
97.69999999999968,1003.1126297454585,,
97.79999999999968,1003.514401184413,,
97.89999999999968,1003.5717442236355,,
97.99999999999969,1002.9490286955405,,
98.09999999999968,1003.1366569549984,,
98.19999999999968,1003.4294034398106,,
98.29999999999968,1003.3914570946868,,
98.39999999999968,1002.4060787460955,,
98.49999999999967,1002.756206727594,,
98.59999999999968,1002.4786738708327,,
98.69999999999968,1001.7654931893131,,
98.79999999999967,1002.7397474394785,,
98.89999999999968,1003.1245551858134,,
98.99999999999967,1002.6574895197186,,
99.09999999999968,1003.3233819229564,,
99.19999999999968,1003.4279206261142,,
99.29999999999967,1002.8344395038669,,
99.39999999999968,1003.6389710952418,,
99.49999999999967,1003.0245243531162,,
99.59999999999968,1002.1998918032772,,
99.69999999999968,1003.7732738647895,,
99.79999999999967,1002.4588957747877,,
99.89999999999968,1002.8693560326369,,
